Protein ID,Motifs,Positions,Number of Matches
sp|A0A384JQG4|ABA1_BOTFB,SPIK,346,2
sp|A0A384JQG4|ABA1_BOTFB,SPAK,478,2
sp|B1GVX7|BOA6_BOTFB,SPSK,23,1
tr|A0A384J4Q6|A0A384J4Q6_BOTFB,SPEK,665,1
tr|A0A384JRD4|A0A384JRD4_BOTFB,SPVK,833,1
tr|A0A384J5Z1|A0A384J5Z1_BOTFB,SPSK,24,1
tr|A0A384K4R5|A0A384K4R5_BOTFB,SPCK,90,1
tr|A0A384JQM3|A0A384JQM3_BOTFB,SPGK,124,2
tr|A0A384JQM3|A0A384JQM3_BOTFB,SPGK,754,2
tr|A0A384JBN6|A0A384JBN6_BOTFB,SPTK,77,3
tr|A0A384JBN6|A0A384JBN6_BOTFB,SPPK,653,3
tr|A0A384JBN6|A0A384JBN6_BOTFB,SPSK,689,3
tr|A0A384JM66|A0A384JM66_BOTFB,SPPK,80,1
tr|A0A384JKE9|A0A384JKE9_BOTFB,SPDK,16,1
tr|A0A384JG65|A0A384JG65_BOTFB,SPSK,193,2
tr|A0A384JG65|A0A384JG65_BOTFB,SPAK,211,2
tr|A0A384K6B2|A0A384K6B2_BOTFB,SPVK,24,1
tr|A0A384JAD1|A0A384JAD1_BOTFB,SPIK,576,1
tr|A0A384K0Q6|A0A384K0Q6_BOTFB,SPSK,122,1
tr|A0A384JHX3|A0A384JHX3_BOTFB,SPIK,272,1
tr|A0A384JH14|A0A384JH14_BOTFB,SPSK,6,1
tr|A0A384JG53|A0A384JG53_BOTFB,SPDK,57,1
tr|A0A384K0Q8|A0A384K0Q8_BOTFB,SPYK,544,1
tr|A0A384J6A0|A0A384J6A0_BOTFB,SPHK,14,1
tr|A0A384JEM6|A0A384JEM6_BOTFB,SPMK,392,2
tr|A0A384JEM6|A0A384JEM6_BOTFB,SPRK,410,2
tr|A0A384JHM4|A0A384JHM4_BOTFB,SPIK,62,1
tr|A0A384JCI6|A0A384JCI6_BOTFB,SPSK,994,1
tr|A0A384JPS3|A0A384JPS3_BOTFB,SPTK,36,1
tr|A0A384JMC3|A0A384JMC3_BOTFB,SPIK,204,1
tr|A0A384K173|A0A384K173_BOTFB,SPGK,144,1
tr|A0A384JBZ0|A0A384JBZ0_BOTFB,SPRK,67,1
tr|A0A384JUW6|A0A384JUW6_BOTFB,SPTK,58,10
tr|A0A384JUW6|A0A384JUW6_BOTFB,SPTK,322,10
tr|A0A384JUW6|A0A384JUW6_BOTFB,SPTK,444,10
tr|A0A384JUW6|A0A384JUW6_BOTFB,SPTK,455,10
tr|A0A384JUW6|A0A384JUW6_BOTFB,SPIK,894,10
tr|A0A384JUW6|A0A384JUW6_BOTFB,SPRK,919,10
tr|A0A384JUW6|A0A384JUW6_BOTFB,SPTK,991,10
tr|A0A384JUW6|A0A384JUW6_BOTFB,SPRK,1018,10
tr|A0A384JUW6|A0A384JUW6_BOTFB,SPLK,1090,10
tr|A0A384JUW6|A0A384JUW6_BOTFB,SPLK,1114,10
tr|A0A384J4L1|A0A384J4L1_BOTFB,SPEK,728,1
tr|A0A384JH24|A0A384JH24_BOTFB,SPRK,109,1
tr|A0A384JUY5|A0A384JUY5_BOTFB,SPLK,159,1
tr|A0A384JT54|A0A384JT54_BOTFB,SPEK,70,1
tr|A0A384JHN9|A0A384JHN9_BOTFB,SPWK,147,1
tr|A0A384JC76|A0A384JC76_BOTFB,SPGK,154,1
tr|A0A384JHK4|A0A384JHK4_BOTFB,SPTK,69,1
tr|A0A384K4A3|A0A384K4A3_BOTFB,SPQK,356,1
tr|A0A384J8U5|A0A384J8U5_BOTFB,SPLK,53,2
tr|A0A384J8U5|A0A384J8U5_BOTFB,SPTK,840,2
tr|A0A384JHC9|A0A384JHC9_BOTFB,SPRK,27,1
tr|A0A384JHR8|A0A384JHR8_BOTFB,SPKK,688,2
tr|A0A384JHR8|A0A384JHR8_BOTFB,SPTK,776,2
tr|A0A384K5W8|A0A384K5W8_BOTFB,SPSK,420,4
tr|A0A384K5W8|A0A384K5W8_BOTFB,SPVK,609,4
tr|A0A384K5W8|A0A384K5W8_BOTFB,SPIK,661,4
tr|A0A384K5W8|A0A384K5W8_BOTFB,SPYK,688,4
tr|A0A384JCV6|A0A384JCV6_BOTFB,SPTK,498,1
tr|A0A384JI30|A0A384JI30_BOTFB,SPNK,691,1
tr|A0A384K382|A0A384K382_BOTFB,SPRK,100,6
tr|A0A384K382|A0A384K382_BOTFB,SPNK,213,6
tr|A0A384K382|A0A384K382_BOTFB,SPAK,240,6
tr|A0A384K382|A0A384K382_BOTFB,SPPK,245,6
tr|A0A384K382|A0A384K382_BOTFB,SPVK,519,6
tr|A0A384K382|A0A384K382_BOTFB,SPRK,581,6
tr|A0A384JRC9|A0A384JRC9_BOTFB,SPSK,261,2
tr|A0A384JRC9|A0A384JRC9_BOTFB,SPAK,390,2
tr|A0A384JLJ1|A0A384JLJ1_BOTFB,SPEK,339,1
tr|A0A384J807|A0A384J807_BOTFB,SPNK,46,2
tr|A0A384J807|A0A384J807_BOTFB,SPAK,51,2
tr|A0A384JZ31|A0A384JZ31_BOTFB,SPGK,190,1
tr|A0A384JD06|A0A384JD06_BOTFB,SPTK,204,1
tr|A0A384JHE9|A0A384JHE9_BOTFB,SPSK,28,1
tr|A0A384JWH9|A0A384JWH9_BOTFB,SPAK,863,1
tr|A0A384K0H7|A0A384K0H7_BOTFB,SPPK,1431,1
tr|A0A384K5V2|A0A384K5V2_BOTFB,SPQK,121,1
tr|A0A384JQV1|A0A384JQV1_BOTFB,SPEK,184,1
tr|A0A384JYK1|A0A384JYK1_BOTFB,SPVK,254,1
tr|A0A384JBQ5|A0A384JBQ5_BOTFB,SPLK,42,1
tr|A0A384JTP2|A0A384JTP2_BOTFB,SPFK,11,1
tr|A0A384J4Z8|A0A384J4Z8_BOTFB,SPIK,981,1
tr|A0A384K244|A0A384K244_BOTFB,SPGK,81,1
tr|A0A384JDR9|A0A384JDR9_BOTFB,SPSK,153,1
tr|A0A384JMS1|A0A384JMS1_BOTFB,SPVK,140,1
tr|A0A384J706|A0A384J706_BOTFB,SPNK,1422,1
tr|A0A384JZP2|A0A384JZP2_BOTFB,SPKK,818,1
tr|A0A384J7H4|A0A384J7H4_BOTFB,SPKK,95,2
tr|A0A384J7H4|A0A384J7H4_BOTFB,SPKK,100,2
tr|A0A384JVM5|A0A384JVM5_BOTFB,SPPK,669,1
tr|A0A384JUM1|A0A384JUM1_BOTFB,SPPK,653,1
tr|A0A384JZV8|A0A384JZV8_BOTFB,SPKK,64,1
tr|A0A384JUZ9|A0A384JUZ9_BOTFB,SPPK,370,1
tr|A0A384JP21|A0A384JP21_BOTFB,SPVK,95,1
tr|A0A384K2B2|A0A384K2B2_BOTFB,SPPK,50,1
tr|A0A384JCC3|A0A384JCC3_BOTFB,SPNK,799,3
tr|A0A384JCC3|A0A384JCC3_BOTFB,SPKK,1244,3
tr|A0A384JCC3|A0A384JCC3_BOTFB,SPIK,1302,3
tr|A0A384K479|A0A384K479_BOTFB,SPTK,102,1
tr|A0A384K7W7|A0A384K7W7_BOTFB,SPQK,383,1
tr|A0A384JNT6|A0A384JNT6_BOTFB,SPLK,13,1
tr|A0A384K3D7|A0A384K3D7_BOTFB,SPTK,31,2
tr|A0A384K3D7|A0A384K3D7_BOTFB,SPEK,111,2
tr|A0A384JN59|A0A384JN59_BOTFB,SPFK,210,1
tr|A0A384JNA0|A0A384JNA0_BOTFB,SPKK,80,1
tr|A0A384JQI7|A0A384JQI7_BOTFB,SPAK,1045,1
tr|A0A384K2V3|A0A384K2V3_BOTFB,SPSK,155,1
tr|A0A384JZ17|A0A384JZ17_BOTFB,SPSK,68,1
tr|A0A384JTH9|A0A384JTH9_BOTFB,SPDK,87,1
tr|A0A384J6W6|A0A384J6W6_BOTFB,SPVK,219,4
tr|A0A384J6W6|A0A384J6W6_BOTFB,SPAK,750,4
tr|A0A384J6W6|A0A384J6W6_BOTFB,SPFK,921,4
tr|A0A384J6W6|A0A384J6W6_BOTFB,SPLK,961,4
tr|A0A384K0S6|A0A384K0S6_BOTFB,SPQK,46,1
tr|A0A384JZ82|A0A384JZ82_BOTFB,SPDK,679,1
tr|A0A384JN56|A0A384JN56_BOTFB,SPFK,176,1
tr|A0A384JT37|A0A384JT37_BOTFB,SPRK,216,1
tr|A0A384JLK4|A0A384JLK4_BOTFB,SPTK,512,1
tr|A0A384JGZ5|A0A384JGZ5_BOTFB,SPQK,100,1
tr|A0A384K076|A0A384K076_BOTFB,SPNK,415,1
tr|A0A384JYF8|A0A384JYF8_BOTFB,SPSK,149,1
tr|A0A384JD15|A0A384JD15_BOTFB,SPSK,37,1
tr|A0A384K4Z9|A0A384K4Z9_BOTFB,SPEK,454,1
tr|A0A384JUV6|A0A384JUV6_BOTFB,SPSK,12,1
tr|A0A384JKL1|A0A384JKL1_BOTFB,SPEK,369,1
tr|A0A384J8Q1|A0A384J8Q1_BOTFB,SPYK,112,1
tr|A0A384JB70|A0A384JB70_BOTFB,SPAK,107,1
tr|A0A384K0V5|A0A384K0V5_BOTFB,SPSK,85,4
tr|A0A384K0V5|A0A384K0V5_BOTFB,SPIK,104,4
tr|A0A384K0V5|A0A384K0V5_BOTFB,SPIK,121,4
tr|A0A384K0V5|A0A384K0V5_BOTFB,SPRK,139,4
tr|A0A384K251|A0A384K251_BOTFB,SPPK,292,1
tr|A0A384JB91|A0A384JB91_BOTFB,SPVK,83,2
tr|A0A384JB91|A0A384JB91_BOTFB,SPTK,103,2
tr|A0A384K6C8|A0A384K6C8_BOTFB,SPLK,381,1
tr|A0A384JN87|A0A384JN87_BOTFB,SPLK,13,1
tr|A0A384J729|A0A384J729_BOTFB,SPNK,1069,1
tr|A0A384JGV1|A0A384JGV1_BOTFB,SPDK,41,1
tr|A0A384J7B8|A0A384J7B8_BOTFB,SPSK,360,3
tr|A0A384J7B8|A0A384J7B8_BOTFB,SPTK,405,3
tr|A0A384J7B8|A0A384J7B8_BOTFB,SPEK,414,3
tr|A0A384JSX3|A0A384JSX3_BOTFB,SPGK,563,1
tr|A0A384K724|A0A384K724_BOTFB,SPEK,111,2
tr|A0A384K724|A0A384K724_BOTFB,SPPK,456,2
tr|A0A384JZZ3|A0A384JZZ3_BOTFB,SPSK,342,2
tr|A0A384JZZ3|A0A384JZZ3_BOTFB,SPAK,536,2
tr|A0A384JV66|A0A384JV66_BOTFB,SPFK,31,1
tr|A0A384JQP2|A0A384JQP2_BOTFB,SPIK,173,2
tr|A0A384JQP2|A0A384JQP2_BOTFB,SPYK,304,2
tr|A0A384JV84|A0A384JV84_BOTFB,SPSK,446,1
tr|A0A384JU94|A0A384JU94_BOTFB,SPDK,604,1
tr|A0A384J3Y6|A0A384J3Y6_BOTFB,SPEK,1372,1
tr|A0A384J6F8|A0A384J6F8_BOTFB,SPRK,43,1
tr|A0A384JUU1|A0A384JUU1_BOTFB,SPAK,119,1
tr|A0A384K2W3|A0A384K2W3_BOTFB,SPSK,281,2
tr|A0A384K2W3|A0A384K2W3_BOTFB,SPKK,445,2
tr|A0A384J4Y8|A0A384J4Y8_BOTFB,SPEK,323,2
tr|A0A384J4Y8|A0A384J4Y8_BOTFB,SPHK,753,2
tr|A0A384JKR0|A0A384JKR0_BOTFB,SPHK,226,1
tr|A0A384K4R9|A0A384K4R9_BOTFB,SPKK,191,1
tr|A0A384JWI7|A0A384JWI7_BOTFB,SPLK,188,2
tr|A0A384JWI7|A0A384JWI7_BOTFB,SPFK,232,2
tr|A0A384K2M1|A0A384K2M1_BOTFB,SPGK,334,1
tr|A0A384JDS5|A0A384JDS5_BOTFB,SPKK,123,1
tr|A0A384JZD9|A0A384JZD9_BOTFB,SPRK,12,1
tr|A0A384JJH2|A0A384JJH2_BOTFB,SPWK,218,1
tr|A0A384K310|A0A384K310_BOTFB,SPRK,244,1
tr|A0A384JGW9|A0A384JGW9_BOTFB,SPFK,127,1
tr|A0A384JUX2|A0A384JUX2_BOTFB,SPLK,166,1
tr|A0A384JMJ9|A0A384JMJ9_BOTFB,SPEK,522,1
tr|A0A384JXM9|A0A384JXM9_BOTFB,SPPK,68,1
tr|A0A384K0D5|A0A384K0D5_BOTFB,SPPK,894,1
tr|A0A384JWR3|A0A384JWR3_BOTFB,SPLK,352,2
tr|A0A384JWR3|A0A384JWR3_BOTFB,SPTK,493,2
tr|A0A384JNA1|A0A384JNA1_BOTFB,SPNK,666,1
tr|A0A384JGI5|A0A384JGI5_BOTFB,SPEK,831,1
tr|A0A384JVC5|A0A384JVC5_BOTFB,SPMK,557,1
tr|A0A384JY53|A0A384JY53_BOTFB,SPIK,233,1
tr|A0A384K1Z0|A0A384K1Z0_BOTFB,SPEK,273,5
tr|A0A384K1Z0|A0A384K1Z0_BOTFB,SPAK,332,5
tr|A0A384K1Z0|A0A384K1Z0_BOTFB,SPEK,454,5
tr|A0A384K1Z0|A0A384K1Z0_BOTFB,SPSK,462,5
tr|A0A384K1Z0|A0A384K1Z0_BOTFB,SPTK,477,5
tr|A0A384J7P3|A0A384J7P3_BOTFB,SPKK,166,2
tr|A0A384J7P3|A0A384J7P3_BOTFB,SPSK,750,2
tr|A0A384K0M3|A0A384K0M3_BOTFB,SPMK,31,1
tr|A0A384JFH3|A0A384JFH3_BOTFB,SPPK,405,1
tr|A0A384JNC6|A0A384JNC6_BOTFB,SPVK,140,1
tr|A0A384JEE0|A0A384JEE0_BOTFB,SPSK,169,1
tr|A0A384JUL3|A0A384JUL3_BOTFB,SPLK,32,1
tr|A0A384K6F6|A0A384K6F6_BOTFB,SPVK,71,1
tr|A0A384JI93|A0A384JI93_BOTFB,SPSK,27,1
tr|A0A384JW79|A0A384JW79_BOTFB,SPLK,285,1
tr|A0A384J488|A0A384J488_BOTFB,SPTK,213,1
tr|A0A384J6J7|A0A384J6J7_BOTFB,SPVK,142,1
tr|A0A384JZ36|A0A384JZ36_BOTFB,SPSK,223,2
tr|A0A384JZ36|A0A384JZ36_BOTFB,SPRK,231,2
tr|A0A384J837|A0A384J837_BOTFB,SPVK,790,1
tr|A0A384J4J4|A0A384J4J4_BOTFB,SPIK,146,1
tr|A0A384JMF1|A0A384JMF1_BOTFB,SPAK,522,5
tr|A0A384JMF1|A0A384JMF1_BOTFB,SPPK,2120,5
tr|A0A384JMF1|A0A384JMF1_BOTFB,SPNK,2455,5
tr|A0A384JMF1|A0A384JMF1_BOTFB,SPQK,2591,5
tr|A0A384JMF1|A0A384JMF1_BOTFB,SPMK,2716,5
tr|A0A384JG66|A0A384JG66_BOTFB,SPAK,287,1
tr|A0A384J6X5|A0A384J6X5_BOTFB,SPIK,48,1
tr|A0A384JRZ2|A0A384JRZ2_BOTFB,SPGK,491,1
tr|A0A384K7L4|A0A384K7L4_BOTFB,SPQK,44,1
tr|A0A384JWA6|A0A384JWA6_BOTFB,SPEK,318,2
tr|A0A384JWA6|A0A384JWA6_BOTFB,SPNK,377,2
tr|A0A384JDI7|A0A384JDI7_BOTFB,SPPK,297,1
tr|A0A384JNJ9|A0A384JNJ9_BOTFB,SPKK,1009,1
tr|A0A384JQ69|A0A384JQ69_BOTFB,SPQK,330,1
tr|A0A384JWQ0|A0A384JWQ0_BOTFB,SPSK,122,1
tr|A0A384JMS5|A0A384JMS5_BOTFB,SPPK,273,1
tr|A0A384K2D2|A0A384K2D2_BOTFB,SPLK,229,1
tr|A0A384K570|A0A384K570_BOTFB,SPVK,92,1
tr|A0A384JXC5|A0A384JXC5_BOTFB,SPGK,312,1
tr|A0A384JUH2|A0A384JUH2_BOTFB,SPVK,180,1
tr|A0A384JCA5|A0A384JCA5_BOTFB,SPPK,223,1
tr|A0A384JYW3|A0A384JYW3_BOTFB,SPSK,8,1
tr|A0A384JGJ4|A0A384JGJ4_BOTFB,SPSK,41,1
tr|A0A384JMS7|A0A384JMS7_BOTFB,SPPK,15,1
tr|A0A384JKQ6|A0A384JKQ6_BOTFB,SPMK,385,1
tr|A0A384JZW0|A0A384JZW0_BOTFB,SPRK,59,1
tr|A0A384JC12|A0A384JC12_BOTFB,SPLK,65,6
tr|A0A384JC12|A0A384JC12_BOTFB,SPSK,476,6
tr|A0A384JC12|A0A384JC12_BOTFB,SPGK,594,6
tr|A0A384JC12|A0A384JC12_BOTFB,SPKK,646,6
tr|A0A384JC12|A0A384JC12_BOTFB,SPCK,657,6
tr|A0A384JC12|A0A384JC12_BOTFB,SPLK,665,6
tr|A0A384K3Q5|A0A384K3Q5_BOTFB,SPIK,170,1
tr|A0A384JTQ3|A0A384JTQ3_BOTFB,SPSK,31,1
tr|A0A384JQX6|A0A384JQX6_BOTFB,SPMK,379,1
tr|A0A384JYJ0|A0A384JYJ0_BOTFB,SPYK,265,1
tr|A0A384JB94|A0A384JB94_BOTFB,SPDK,479,1
tr|A0A384K428|A0A384K428_BOTFB,SPDK,690,1
tr|A0A384JIN1|A0A384JIN1_BOTFB,SPSK,315,1
tr|A0A384J7K5|A0A384J7K5_BOTFB,SPQK,303,1
tr|A0A384J4I2|A0A384J4I2_BOTFB,SPSK,124,2
tr|A0A384J4I2|A0A384J4I2_BOTFB,SPSK,166,2
tr|A0A384JXK7|A0A384JXK7_BOTFB,SPQK,208,1
tr|A0A384J920|A0A384J920_BOTFB,SPDK,292,1
tr|A0A384JE21|A0A384JE21_BOTFB,SPKK,916,1
tr|A0A384JTS4|A0A384JTS4_BOTFB,SPNK,294,1
tr|A0A384JNQ6|A0A384JNQ6_BOTFB,SPFK,176,1
tr|A0A384J5S0|A0A384J5S0_BOTFB,SPRK,241,2
tr|A0A384J5S0|A0A384J5S0_BOTFB,SPLK,384,2
tr|A0A384JYV9|A0A384JYV9_BOTFB,SPLK,607,1
tr|A0A384JAF0|A0A384JAF0_BOTFB,SPPK,363,1
tr|A0A384K3I0|A0A384K3I0_BOTFB,SPNK,274,1
tr|A0A384K679|A0A384K679_BOTFB,SPLK,264,2
tr|A0A384K679|A0A384K679_BOTFB,SPRK,316,2
tr|A0A384JXK1|A0A384JXK1_BOTFB,SPHK,98,2
tr|A0A384JXK1|A0A384JXK1_BOTFB,SPVK,286,2
tr|A0A384J774|A0A384J774_BOTFB,SPFK,48,3
tr|A0A384J774|A0A384J774_BOTFB,SPPK,303,3
tr|A0A384J774|A0A384J774_BOTFB,SPIK,766,3
tr|A0A384K2N6|A0A384K2N6_BOTFB,SPSK,249,1
tr|A0A384JD56|A0A384JD56_BOTFB,SPFK,18,1
tr|A0A384JEP7|A0A384JEP7_BOTFB,SPSK,532,1
tr|A0A384J532|A0A384J532_BOTFB,SPMK,52,1
tr|A0A384K2X7|A0A384K2X7_BOTFB,SPLK,222,1
tr|A0A384JJ68|A0A384JJ68_BOTFB,SPLK,38,1
tr|A0A384JBK2|A0A384JBK2_BOTFB,SPLK,65,6
tr|A0A384JBK2|A0A384JBK2_BOTFB,SPSK,500,6
tr|A0A384JBK2|A0A384JBK2_BOTFB,SPGK,618,6
tr|A0A384JBK2|A0A384JBK2_BOTFB,SPKK,670,6
tr|A0A384JBK2|A0A384JBK2_BOTFB,SPCK,681,6
tr|A0A384JBK2|A0A384JBK2_BOTFB,SPLK,689,6
tr|A0A384J7E4|A0A384J7E4_BOTFB,SPTK,292,1
tr|A0A384JF96|A0A384JF96_BOTFB,SPSK,532,1
tr|A0A384JD85|A0A384JD85_BOTFB,SPNK,279,1
tr|A0A384JLN2|A0A384JLN2_BOTFB,SPMK,404,1
tr|A0A384JDA6|A0A384JDA6_BOTFB,SPIK,89,1
tr|R9U320|R9U320_BOTFB,SPPK,590,1
tr|A0A384JID9|A0A384JID9_BOTFB,SPQK,1071,1
tr|A0A384JD61|A0A384JD61_BOTFB,SPPK,206,1
tr|A0A384J9R5|A0A384J9R5_BOTFB,SPSK,39,2
tr|A0A384J9R5|A0A384J9R5_BOTFB,SPVK,1439,2
tr|A0A384K4Q9|A0A384K4Q9_BOTFB,SPTK,1014,1
tr|A0A384JTM1|A0A384JTM1_BOTFB,SPIK,225,1
tr|A0A384JI73|A0A384JI73_BOTFB,SPTK,110,1
tr|A0A384JA19|A0A384JA19_BOTFB,SPQK,21,1
tr|A0A384J9T8|A0A384J9T8_BOTFB,SPKK,630,1
tr|A0A384JBC9|A0A384JBC9_BOTFB,SPKK,3,1
tr|A0A384JEL2|A0A384JEL2_BOTFB,SPPK,226,1
tr|A0A384JV81|A0A384JV81_BOTFB,SPQK,448,7
tr|A0A384JV81|A0A384JV81_BOTFB,SPEK,566,7
tr|A0A384JV81|A0A384JV81_BOTFB,SPVK,862,7
tr|A0A384JV81|A0A384JV81_BOTFB,SPVK,1044,7
tr|A0A384JV81|A0A384JV81_BOTFB,SPEK,1062,7
tr|A0A384JV81|A0A384JV81_BOTFB,SPEK,1108,7
tr|A0A384JV81|A0A384JV81_BOTFB,SPEK,1224,7
tr|A0A384JU24|A0A384JU24_BOTFB,SPSK,118,1
tr|A0A384JZL5|A0A384JZL5_BOTFB,SPAK,166,1
tr|A0A384JDL7|A0A384JDL7_BOTFB,SPGK,102,1
tr|A0A384JLI0|A0A384JLI0_BOTFB,SPEK,163,2
tr|A0A384JLI0|A0A384JLI0_BOTFB,SPTK,2359,2
tr|A0A384J5U4|A0A384J5U4_BOTFB,SPFK,13,1
tr|A0A384JN33|A0A384JN33_BOTFB,SPAK,174,1
tr|A0A384JSX9|A0A384JSX9_BOTFB,SPGK,221,1
tr|A0A384J7G3|A0A384J7G3_BOTFB,SPVK,421,1
tr|A0A384JMX7|A0A384JMX7_BOTFB,SPTK,38,1
tr|A0A384JUL7|A0A384JUL7_BOTFB,SPSK,325,2
tr|A0A384JUL7|A0A384JUL7_BOTFB,SPLK,450,2
tr|A0A384JZM5|A0A384JZM5_BOTFB,SPKK,415,1
tr|A0A384JU65|A0A384JU65_BOTFB,SPTK,185,1
tr|A0A384JGD0|A0A384JGD0_BOTFB,SPPK,229,1
tr|A0A384JXR8|A0A384JXR8_BOTFB,SPVK,60,1
tr|A0A384J9S8|A0A384J9S8_BOTFB,SPPK,238,2
tr|A0A384J9S8|A0A384J9S8_BOTFB,SPVK,349,2
tr|A0A384JF60|A0A384JF60_BOTFB,SPSK,2046,2
tr|A0A384JF60|A0A384JF60_BOTFB,SPAK,2166,2
tr|A0A384JJB9|A0A384JJB9_BOTFB,SPLK,2,1
tr|A0A384JZB5|A0A384JZB5_BOTFB,SPFK,1939,1
tr|A0A384J4M0|A0A384J4M0_BOTFB,SPVK,20,1
tr|A0A384JVX2|A0A384JVX2_BOTFB,SPLK,320,2
tr|A0A384JVX2|A0A384JVX2_BOTFB,SPIK,393,2
tr|A0A384JT86|A0A384JT86_BOTFB,SPIK,380,2
tr|A0A384JT86|A0A384JT86_BOTFB,SPIK,566,2
tr|A0A384J610|A0A384J610_BOTFB,SPAK,257,1
tr|A0A384JVF4|A0A384JVF4_BOTFB,SPNK,417,1
tr|A0A384JYC4|A0A384JYC4_BOTFB,SPSK,234,1
tr|A0A384JMG3|A0A384JMG3_BOTFB,SPIK,866,1
tr|A0A384JY36|A0A384JY36_BOTFB,SPKK,188,2
tr|A0A384JY36|A0A384JY36_BOTFB,SPTK,201,2
tr|A0A384JGQ6|A0A384JGQ6_BOTFB,SPFK,23,1
tr|A0A384J755|A0A384J755_BOTFB,SPSK,124,1
tr|A0A384K287|A0A384K287_BOTFB,SPAK,1326,1
tr|A0A384JEI0|A0A384JEI0_BOTFB,SPAK,14,1
tr|A0A384JGA7|A0A384JGA7_BOTFB,SPQK,344,2
tr|A0A384JGA7|A0A384JGA7_BOTFB,SPTK,377,2
tr|A0A384JEI2|A0A384JEI2_BOTFB,SPYK,209,1
tr|A0A384JC58|A0A384JC58_BOTFB,SPDK,422,1
tr|A0A384JCR1|A0A384JCR1_BOTFB,SPPK,34,1
tr|A0A384J4A7|A0A384J4A7_BOTFB,SPRK,8,1
tr|A0A384JSX7|A0A384JSX7_BOTFB,SPLK,287,1
tr|A0A384JTJ2|A0A384JTJ2_BOTFB,SPPK,153,1
tr|A0A384JHY8|A0A384JHY8_BOTFB,SPDK,157,1
tr|A0A384K3G8|A0A384K3G8_BOTFB,SPTK,301,1
tr|A0A384JCX9|A0A384JCX9_BOTFB,SPRK,12,1
tr|A0A384JUA5|A0A384JUA5_BOTFB,SPIK,131,3
tr|A0A384JUA5|A0A384JUA5_BOTFB,SPAK,487,3
tr|A0A384JUA5|A0A384JUA5_BOTFB,SPEK,707,3
tr|A0A384JTC2|A0A384JTC2_BOTFB,SPTK,66,1
tr|A0A384JL30|A0A384JL30_BOTFB,SPFK,352,1
tr|A0A384JA91|A0A384JA91_BOTFB,SPKK,291,1
tr|A0A384JTQ8|A0A384JTQ8_BOTFB,SPWK,2007,1
tr|A0A384JJH0|A0A384JJH0_BOTFB,SPEK,584,1
tr|A0A384JE91|A0A384JE91_BOTFB,SPPK,110,3
tr|A0A384JE91|A0A384JE91_BOTFB,SPYK,182,3
tr|A0A384JE91|A0A384JE91_BOTFB,SPSK,229,3
tr|A0A384J6V6|A0A384J6V6_BOTFB,SPYK,166,2
tr|A0A384J6V6|A0A384J6V6_BOTFB,SPIK,302,2
tr|A0A384K675|A0A384K675_BOTFB,SPLK,269,1
tr|A0A384JGE4|A0A384JGE4_BOTFB,SPSK,164,1
tr|A0A384JMP6|A0A384JMP6_BOTFB,SPSK,246,1
tr|A0A384JVW5|A0A384JVW5_BOTFB,SPYK,105,1
tr|A0A384JSJ5|A0A384JSJ5_BOTFB,SPSK,61,3
tr|A0A384JSJ5|A0A384JSJ5_BOTFB,SPTK,91,3
tr|A0A384JSJ5|A0A384JSJ5_BOTFB,SPRK,679,3
tr|A0A384J9I8|A0A384J9I8_BOTFB,SPSK,29,1
tr|A0A384JUX1|A0A384JUX1_BOTFB,SPDK,54,1
tr|A0A384JSG4|A0A384JSG4_BOTFB,SPRK,867,2
tr|A0A384JSG4|A0A384JSG4_BOTFB,SPVK,909,2
tr|A0A384JJF5|A0A384JJF5_BOTFB,SPDK,28,1
tr|A0A384JM71|A0A384JM71_BOTFB,SPVK,112,1
tr|A0A384JFT9|A0A384JFT9_BOTFB,SPDK,74,1
tr|A0A384J6E5|A0A384J6E5_BOTFB,SPNK,1350,1
tr|A0A384J9Q8|A0A384J9Q8_BOTFB,SPSK,29,1
tr|A0A384JSW1|A0A384JSW1_BOTFB,SPAK,319,1
tr|A0A384J8Q6|A0A384J8Q6_BOTFB,SPPK,131,3
tr|A0A384J8Q6|A0A384J8Q6_BOTFB,SPIK,784,3
tr|A0A384J8Q6|A0A384J8Q6_BOTFB,SPQK,1125,3
tr|A0A384JNQ7|A0A384JNQ7_BOTFB,SPKK,92,1
tr|A0A384K7I6|A0A384K7I6_BOTFB,SPKK,377,1
tr|A0A384JMP8|A0A384JMP8_BOTFB,SPSK,240,1
tr|A0A384K2L9|A0A384K2L9_BOTFB,SPSK,249,1
tr|A0A384J6K0|A0A384J6K0_BOTFB,SPTK,277,1
tr|A0A384JMD2|A0A384JMD2_BOTFB,SPRK,1161,1
tr|A0A384K547|A0A384K547_BOTFB,SPGK,401,1
tr|A0A384K0X0|A0A384K0X0_BOTFB,SPIK,34,1
tr|A0A384J487|A0A384J487_BOTFB,SPAK,632,1
tr|A0A384JYR1|A0A384JYR1_BOTFB,SPKK,565,1
tr|A0A384J8V3|A0A384J8V3_BOTFB,SPSK,7,1
tr|A0A384J770|A0A384J770_BOTFB,SPNK,1350,1
tr|A0A384K0A3|A0A384K0A3_BOTFB,SPIK,714,1
tr|A0A384JND4|A0A384JND4_BOTFB,SPKK,437,1
tr|A0A384JF58|A0A384JF58_BOTFB,SPRK,37,1
tr|A0A384JBC6|A0A384JBC6_BOTFB,SPTK,3,1
tr|A0A384JIZ7|A0A384JIZ7_BOTFB,SPDK,53,1
tr|A0A384JVX1|A0A384JVX1_BOTFB,SPTK,313,1
tr|A0A384J831|A0A384J831_BOTFB,SPVK,26,2
tr|A0A384J831|A0A384J831_BOTFB,SPVK,36,2
tr|A0A384K4B1|A0A384K4B1_BOTFB,SPLK,216,1
tr|A0A384JP38|A0A384JP38_BOTFB,SPFK,144,1
tr|A0A384JZT8|A0A384JZT8_BOTFB,SPSK,447,1
tr|A0A384JTL2|A0A384JTL2_BOTFB,SPSK,20,2
tr|A0A384JTL2|A0A384JTL2_BOTFB,SPMK,423,2
tr|A0A384JR68|A0A384JR68_BOTFB,SPRK,46,1
tr|A0A384JFL3|A0A384JFL3_BOTFB,SPLK,95,1
tr|A0A384JF90|A0A384JF90_BOTFB,SPEK,321,1
tr|A0A384JWL6|A0A384JWL6_BOTFB,SPEK,18,2
tr|A0A384JWL6|A0A384JWL6_BOTFB,SPSK,38,2
tr|A0A384JW30|A0A384JW30_BOTFB,SPCK,138,1
tr|A0A384JG67|A0A384JG67_BOTFB,SPRK,590,1
tr|A0A384JBK8|A0A384JBK8_BOTFB,SPYK,113,1
tr|A0A384JYS6|A0A384JYS6_BOTFB,SPIK,18,1
tr|A0A384JTU7|A0A384JTU7_BOTFB,SPIK,122,1
tr|A0A384JGH0|A0A384JGH0_BOTFB,SPSK,7,1
tr|A0A384JJV3|A0A384JJV3_BOTFB,SPQK,141,1
tr|A0A384JWX9|A0A384JWX9_BOTFB,SPNK,461,1
tr|A0A384K1U7|A0A384K1U7_BOTFB,SPMK,874,1
tr|A0A384JNG5|A0A384JNG5_BOTFB,SPTK,280,1
tr|A0A384J4L0|A0A384J4L0_BOTFB,SPVK,20,1
tr|A0A384JHV4|A0A384JHV4_BOTFB,SPPK,3,1
tr|A0A384JPQ1|A0A384JPQ1_BOTFB,SPRK,669,1
tr|A0A384JRA8|A0A384JRA8_BOTFB,SPRK,551,1
tr|A0A384JU40|A0A384JU40_BOTFB,SPSK,20,2
tr|A0A384JU40|A0A384JU40_BOTFB,SPMK,421,2
tr|A0A384K3Z1|A0A384K3Z1_BOTFB,SPQK,359,1
tr|A0A384K1Y4|A0A384K1Y4_BOTFB,SPTK,344,2
tr|A0A384K1Y4|A0A384K1Y4_BOTFB,SPVK,1016,2
tr|A0A384K296|A0A384K296_BOTFB,SPKK,825,3
tr|A0A384K296|A0A384K296_BOTFB,SPIK,1299,3
tr|A0A384K296|A0A384K296_BOTFB,SPSK,1338,3
tr|A0A384JCF3|A0A384JCF3_BOTFB,SPEK,135,1
tr|A0A384JP67|A0A384JP67_BOTFB,SPRK,641,1
tr|A0A384K394|A0A384K394_BOTFB,SPYK,69,1
tr|A0A384JUD1|A0A384JUD1_BOTFB,SPKK,9,1
tr|A0A384JFS1|A0A384JFS1_BOTFB,SPCK,134,1
tr|A0A384JBF0|A0A384JBF0_BOTFB,SPEK,616,1
tr|A0A384JV22|A0A384JV22_BOTFB,SPTK,361,2
tr|A0A384JV22|A0A384JV22_BOTFB,SPSK,687,2
tr|A0A384JXQ2|A0A384JXQ2_BOTFB,SPSK,122,1
tr|A0A384J7R7|A0A384J7R7_BOTFB,SPNK,324,2
tr|A0A384J7R7|A0A384J7R7_BOTFB,SPCK,576,2
tr|A0A384J3X9|A0A384J3X9_BOTFB,SPKK,211,1
tr|A0A384K7R6|A0A384K7R6_BOTFB,SPPK,1030,2
tr|A0A384K7R6|A0A384K7R6_BOTFB,SPEK,1153,2
tr|A0A384JXT5|A0A384JXT5_BOTFB,SPEK,458,1
tr|A0A384JBE3|A0A384JBE3_BOTFB,SPPK,211,1
tr|A0A384K3P9|A0A384K3P9_BOTFB,SPSK,28,1
tr|A0A384J454|A0A384J454_BOTFB,SPGK,870,1
tr|A0A384K6L6|A0A384K6L6_BOTFB,SPPK,42,1
tr|A0A384K7L1|A0A384K7L1_BOTFB,SPPK,121,2
tr|A0A384K7L1|A0A384K7L1_BOTFB,SPKK,553,2
tr|A0A384J818|A0A384J818_BOTFB,SPLK,49,1
tr|A0A384JNH1|A0A384JNH1_BOTFB,SPAK,296,1
tr|A0A384K6T6|A0A384K6T6_BOTFB,SPPK,12,1
tr|A0A384JZP7|A0A384JZP7_BOTFB,SPSK,38,1
tr|A0A384JYH3|A0A384JYH3_BOTFB,SPAK,329,2
tr|A0A384JYH3|A0A384JYH3_BOTFB,SPHK,530,2
tr|A0A384K0E9|A0A384K0E9_BOTFB,SPIK,76,1
tr|A0A384JPA9|A0A384JPA9_BOTFB,SPRK,519,3
tr|A0A384JPA9|A0A384JPA9_BOTFB,SPTK,761,3
tr|A0A384JPA9|A0A384JPA9_BOTFB,SPIK,1223,3
tr|A0A384K1E9|A0A384K1E9_BOTFB,SPFK,578,1
tr|A0A384J9G8|A0A384J9G8_BOTFB,SPRK,803,1
tr|A0A384J6P8|A0A384J6P8_BOTFB,SPQK,128,1
tr|A0A384J5H2|A0A384J5H2_BOTFB,SPIK,2591,1
tr|A0A384JI38|A0A384JI38_BOTFB,SPAK,369,1
tr|A0A384JMC7|A0A384JMC7_BOTFB,SPEK,562,1
tr|A0A384JPY1|A0A384JPY1_BOTFB,SPPK,196,1
tr|A0A384JD90|A0A384JD90_BOTFB,SPPK,401,1
tr|A0A384K149|A0A384K149_BOTFB,SPGK,107,1
tr|A0A384K154|A0A384K154_BOTFB,SPPK,415,1
tr|A0A384JM53|A0A384JM53_BOTFB,SPVK,514,1
tr|A0A384JE16|A0A384JE16_BOTFB,SPTK,122,1
tr|A0A384J6X6|A0A384J6X6_BOTFB,SPPK,37,2
tr|A0A384J6X6|A0A384J6X6_BOTFB,SPIK,164,2
tr|A0A384JUR0|A0A384JUR0_BOTFB,SPAK,186,1
tr|A0A384JMJ8|A0A384JMJ8_BOTFB,SPLK,13,1
tr|A0A384J9Y5|A0A384J9Y5_BOTFB,SPEK,265,1
tr|A0A384JVR2|A0A384JVR2_BOTFB,SPPK,704,1
tr|A0A384JGD4|A0A384JGD4_BOTFB,SPSK,72,1
tr|A0A384K5J4|A0A384K5J4_BOTFB,SPSK,313,4
tr|A0A384K5J4|A0A384K5J4_BOTFB,SPLK,383,4
tr|A0A384K5J4|A0A384K5J4_BOTFB,SPIK,423,4
tr|A0A384K5J4|A0A384K5J4_BOTFB,SPYK,469,4
tr|A0A384JTQ4|A0A384JTQ4_BOTFB,SPGK,403,1
tr|A0A384JY79|A0A384JY79_BOTFB,SPMK,194,1
tr|A0A384JKG5|A0A384JKG5_BOTFB,SPTK,273,1
tr|A0A384JTY2|A0A384JTY2_BOTFB,SPIK,288,1
tr|A0A384JJN6|A0A384JJN6_BOTFB,SPCK,1445,1
tr|A0A384JUS1|A0A384JUS1_BOTFB,SPPK,692,1
tr|A0A384JB57|A0A384JB57_BOTFB,SPLK,901,1
tr|A0A384JIK8|A0A384JIK8_BOTFB,SPEK,314,1
tr|A0A384JEH7|A0A384JEH7_BOTFB,SPEK,9,1
tr|A0A384JGB6|A0A384JGB6_BOTFB,SPPK,238,1
tr|A0A384JVH0|A0A384JVH0_BOTFB,SPNK,89,4
tr|A0A384JVH0|A0A384JVH0_BOTFB,SPQK,250,4
tr|A0A384JVH0|A0A384JVH0_BOTFB,SPVK,389,4
tr|A0A384JVH0|A0A384JVH0_BOTFB,SPVK,424,4
tr|A0A384JX24|A0A384JX24_BOTFB,SPSK,16,2
tr|A0A384JX24|A0A384JX24_BOTFB,SPDK,319,2
tr|A0A384JVN9|A0A384JVN9_BOTFB,SPGK,227,1
tr|A0A384JDL9|A0A384JDL9_BOTFB,SPTK,196,1
tr|A0A384J861|A0A384J861_BOTFB,SPQK,130,2
tr|A0A384J861|A0A384J861_BOTFB,SPEK,166,2
tr|A0A384JDJ9|A0A384JDJ9_BOTFB,SPEK,81,1
tr|A0A384JFF6|A0A384JFF6_BOTFB,SPTK,137,2
tr|A0A384JFF6|A0A384JFF6_BOTFB,SPTK,141,2
tr|A0A384JHD5|A0A384JHD5_BOTFB,SPSK,357,1
tr|A0A384JKM2|A0A384JKM2_BOTFB,SPLK,228,1
tr|A0A384JRN0|A0A384JRN0_BOTFB,SPSK,163,1
tr|A0A384JKE3|A0A384JKE3_BOTFB,SPSK,845,1
tr|A0A384JWQ8|A0A384JWQ8_BOTFB,SPGK,315,2
tr|A0A384JWQ8|A0A384JWQ8_BOTFB,SPHK,358,2
tr|A0A384JEK9|A0A384JEK9_BOTFB,SPRK,135,1
tr|A0A384JVX7|A0A384JVX7_BOTFB,SPSK,141,1
tr|A0A384JR38|A0A384JR38_BOTFB,SPQK,151,1
tr|A0A384JZ09|A0A384JZ09_BOTFB,SPKK,553,1
tr|A0A384JX51|A0A384JX51_BOTFB,SPSK,78,1
tr|A0A384JER4|A0A384JER4_BOTFB,SPQK,1391,1
tr|A0A384K391|A0A384K391_BOTFB,SPFK,25,1
tr|A0A384J4W1|A0A384J4W1_BOTFB,SPMK,158,1
tr|A0A384K1M3|A0A384K1M3_BOTFB,SPTK,381,1
tr|A0A384J5P7|A0A384J5P7_BOTFB,SPEK,901,3
tr|A0A384J5P7|A0A384J5P7_BOTFB,SPDK,1622,3
tr|A0A384J5P7|A0A384J5P7_BOTFB,SPLK,2026,3
tr|A0A384J492|A0A384J492_BOTFB,SPKK,4,1
tr|A0A384JJU1|A0A384JJU1_BOTFB,SPSK,80,1
tr|A0A384K6C1|A0A384K6C1_BOTFB,SPVK,420,1
tr|A0A384JNT3|A0A384JNT3_BOTFB,SPTK,144,1
tr|A0A384JA12|A0A384JA12_BOTFB,SPPK,86,1
tr|A0A384K7B5|A0A384K7B5_BOTFB,SPIK,127,1
tr|A0A384J9H0|A0A384J9H0_BOTFB,SPQK,173,1
tr|A0A384J4U2|A0A384J4U2_BOTFB,SPPK,336,1
tr|A0A384J761|A0A384J761_BOTFB,SPAK,713,3
tr|A0A384J761|A0A384J761_BOTFB,SPFK,884,3
tr|A0A384J761|A0A384J761_BOTFB,SPLK,899,3
tr|A0A384JIW6|A0A384JIW6_BOTFB,SPTK,199,1
tr|A0A384JE67|A0A384JE67_BOTFB,SPSK,1138,2
tr|A0A384JE67|A0A384JE67_BOTFB,SPVK,1176,2
tr|A0A384J953|A0A384J953_BOTFB,SPKK,239,1
tr|A0A384JW16|A0A384JW16_BOTFB,SPRK,323,1
tr|A0A384J614|A0A384J614_BOTFB,SPQK,2,1
tr|A0A384JUD2|A0A384JUD2_BOTFB,SPVK,57,1
tr|A0A384JJ33|A0A384JJ33_BOTFB,SPPK,86,1
tr|A0A384J692|A0A384J692_BOTFB,SPNK,788,1
tr|A0A384JGX2|A0A384JGX2_BOTFB,SPTK,298,1
tr|A0A384K4Z2|A0A384K4Z2_BOTFB,SPSK,4,2
tr|A0A384K4Z2|A0A384K4Z2_BOTFB,SPSK,427,2
tr|A0A384JV65|A0A384JV65_BOTFB,SPKK,81,1
tr|A0A384JIW5|A0A384JIW5_BOTFB,SPEK,310,1
tr|A0A384JEG2|A0A384JEG2_BOTFB,SPIK,211,1
tr|A0A384K396|A0A384K396_BOTFB,SPEK,538,8
tr|A0A384K396|A0A384K396_BOTFB,SPFK,602,8
tr|A0A384K396|A0A384K396_BOTFB,SPQK,780,8
tr|A0A384K396|A0A384K396_BOTFB,SPEK,797,8
tr|A0A384K396|A0A384K396_BOTFB,SPSK,841,8
tr|A0A384K396|A0A384K396_BOTFB,SPDK,951,8
tr|A0A384K396|A0A384K396_BOTFB,SPIK,995,8
tr|A0A384K396|A0A384K396_BOTFB,SPTK,1026,8
tr|A0A384JIA0|A0A384JIA0_BOTFB,SPMK,281,1
tr|A0A384JYW4|A0A384JYW4_BOTFB,SPRK,251,1
tr|A0A384JUS4|A0A384JUS4_BOTFB,SPEK,320,1
tr|A0A384JZG7|A0A384JZG7_BOTFB,SPHK,468,1
tr|A0A384JMP2|A0A384JMP2_BOTFB,SPIK,970,1
tr|A0A384JXR9|A0A384JXR9_BOTFB,SPTK,272,1
tr|A0A384JWD8|A0A384JWD8_BOTFB,SPGK,35,1
tr|A0A384JP07|A0A384JP07_BOTFB,SPSK,375,1
tr|A0A384J3X5|A0A384J3X5_BOTFB,SPAK,11,1
tr|A0A384JR06|A0A384JR06_BOTFB,SPSK,109,1
tr|A0A384J846|A0A384J846_BOTFB,SPSK,1256,1
tr|A0A384JTZ2|A0A384JTZ2_BOTFB,SPKK,949,1
tr|A0A384JTI9|A0A384JTI9_BOTFB,SPRK,535,1
tr|A0A384JYW5|A0A384JYW5_BOTFB,SPEK,763,1
tr|A0A384JQ56|A0A384JQ56_BOTFB,SPVK,89,1
tr|A0A384J608|A0A384J608_BOTFB,SPVK,418,2
tr|A0A384J608|A0A384J608_BOTFB,SPHK,748,2
tr|A0A384K2I4|A0A384K2I4_BOTFB,SPLK,153,1
tr|A0A384J4S0|A0A384J4S0_BOTFB,SPSK,70,1
tr|A0A384JC05|A0A384JC05_BOTFB,SPQK,784,1
tr|A0A384JJ31|A0A384JJ31_BOTFB,SPMK,84,1
tr|A0A384JBA4|A0A384JBA4_BOTFB,SPLK,42,1
tr|A0A384J749|A0A384J749_BOTFB,SPHK,644,1
tr|A0A384JKA5|A0A384JKA5_BOTFB,SPPK,90,1
tr|A0A384K3H1|A0A384K3H1_BOTFB,SPKK,26,1
tr|A0A384JL29|A0A384JL29_BOTFB,SPLK,17,1
tr|A0A384K124|A0A384K124_BOTFB,SPSK,21,1
tr|A0A384JFM9|A0A384JFM9_BOTFB,SPSK,45,1
tr|A0A384K0K7|A0A384K0K7_BOTFB,SPIK,47,1
tr|A0A384J675|A0A384J675_BOTFB,SPHK,14,1
tr|A0A384JW49|A0A384JW49_BOTFB,SPLK,471,1
tr|A0A384K1T4|A0A384K1T4_BOTFB,SPTK,432,1
tr|A0A384JQ52|A0A384JQ52_BOTFB,SPVK,2163,1
tr|A0A384J5U3|A0A384J5U3_BOTFB,SPIK,85,1
tr|A0A384JA31|A0A384JA31_BOTFB,SPRK,116,1
tr|A0A384K294|A0A384K294_BOTFB,SPPK,18,1
tr|A0A384JHC2|A0A384JHC2_BOTFB,SPFK,3,2
tr|A0A384JHC2|A0A384JHC2_BOTFB,SPDK,117,2
tr|A0A384JFF0|A0A384JFF0_BOTFB,SPPK,85,1
tr|A0A384JLF8|A0A384JLF8_BOTFB,SPSK,587,1
tr|A0A384JFB8|A0A384JFB8_BOTFB,SPIK,359,1
tr|A0A384JV95|A0A384JV95_BOTFB,SPAK,156,1
tr|A0A384JK67|A0A384JK67_BOTFB,SPFK,68,1
tr|A0A384J648|A0A384J648_BOTFB,SPMK,272,1
tr|A0A384JI16|A0A384JI16_BOTFB,SPRK,42,2
tr|A0A384JI16|A0A384JI16_BOTFB,SPAK,72,2
tr|A0A384JN50|A0A384JN50_BOTFB,SPKK,80,1
tr|A0A384K3E1|A0A384K3E1_BOTFB,SPYK,203,1
tr|A0A384JUJ2|A0A384JUJ2_BOTFB,SPKK,34,2
tr|A0A384JUJ2|A0A384JUJ2_BOTFB,SPKK,399,2
tr|A0A384JSC1|A0A384JSC1_BOTFB,SPKK,271,1
tr|A0A384JI69|A0A384JI69_BOTFB,SPMK,64,1
tr|A0A384JLX6|A0A384JLX6_BOTFB,SPKK,61,2
tr|A0A384JLX6|A0A384JLX6_BOTFB,SPQK,472,2
tr|A0A384JV91|A0A384JV91_BOTFB,SPLK,277,1
tr|A0A384JZS0|A0A384JZS0_BOTFB,SPTK,558,1
tr|A0A384JD45|A0A384JD45_BOTFB,SPSK,38,2
tr|A0A384JD45|A0A384JD45_BOTFB,SPTK,231,2
tr|A0A384JIC2|A0A384JIC2_BOTFB,SPLK,76,1
tr|A0A384JME0|A0A384JME0_BOTFB,SPQK,1512,2
tr|A0A384JME0|A0A384JME0_BOTFB,SPPK,1764,2
tr|A0A384JUI0|A0A384JUI0_BOTFB,SPLK,131,1
tr|A0A384K2A0|A0A384K2A0_BOTFB,SPNK,68,1
tr|A0A384JJK1|A0A384JJK1_BOTFB,SPPK,246,1
tr|A0A384JRD2|A0A384JRD2_BOTFB,SPIK,354,1
tr|A0A384JS49|A0A384JS49_BOTFB,SPAK,119,1
tr|A0A384JQ15|A0A384JQ15_BOTFB,SPEK,131,1
tr|A0A384K3P5|A0A384K3P5_BOTFB,SPIK,1409,2
tr|A0A384K3P5|A0A384K3P5_BOTFB,SPAK,1425,2
tr|A0A384K2T2|A0A384K2T2_BOTFB,SPEK,210,2
tr|A0A384K2T2|A0A384K2T2_BOTFB,SPVK,605,2
tr|A0A384JG86|A0A384JG86_BOTFB,SPNK,285,1
tr|A0A384JP23|A0A384JP23_BOTFB,SPRK,639,1
tr|A0A384JNN7|A0A384JNN7_BOTFB,SPFK,284,1
tr|A0A384J6L8|A0A384J6L8_BOTFB,SPTK,40,5
tr|A0A384J6L8|A0A384J6L8_BOTFB,SPSK,67,5
tr|A0A384J6L8|A0A384J6L8_BOTFB,SPAK,137,5
tr|A0A384J6L8|A0A384J6L8_BOTFB,SPSK,434,5
tr|A0A384J6L8|A0A384J6L8_BOTFB,SPLK,492,5
tr|A0A384JMF4|A0A384JMF4_BOTFB,SPTK,947,1
tr|A0A384K7M0|A0A384K7M0_BOTFB,SPYK,111,1
tr|A0A384JS67|A0A384JS67_BOTFB,SPYK,493,1
tr|A0A384JNU1|A0A384JNU1_BOTFB,SPMK,96,1
tr|A0A384JPW0|A0A384JPW0_BOTFB,SPVK,781,1
tr|A0A384JKQ4|A0A384JKQ4_BOTFB,SPSK,221,1
tr|A0A384J8C5|A0A384J8C5_BOTFB,SPAK,96,1
tr|A0A384J7S1|A0A384J7S1_BOTFB,SPRK,233,1
tr|A0A384JPE3|A0A384JPE3_BOTFB,SPRK,544,3
tr|A0A384JPE3|A0A384JPE3_BOTFB,SPTK,786,3
tr|A0A384JPE3|A0A384JPE3_BOTFB,SPIK,1248,3
tr|A0A384JNE4|A0A384JNE4_BOTFB,SPHK,377,1
tr|A0A384K474|A0A384K474_BOTFB,SPRK,175,1
tr|A0A384K004|A0A384K004_BOTFB,SPGK,98,1
tr|A0A384K6W1|A0A384K6W1_BOTFB,SPSK,293,1
tr|A0A384JR63|A0A384JR63_BOTFB,SPPK,916,3
tr|A0A384JR63|A0A384JR63_BOTFB,SPEK,1432,3
tr|A0A384JR63|A0A384JR63_BOTFB,SPKK,1471,3
tr|A0A384JWA4|A0A384JWA4_BOTFB,SPPK,116,1
tr|A0A384J9W2|A0A384J9W2_BOTFB,SPQK,777,1
tr|A0A384JGW6|A0A384JGW6_BOTFB,SPSK,164,1
tr|A0A384JXX4|A0A384JXX4_BOTFB,SPSK,646,1
tr|A0A384JGD8|A0A384JGD8_BOTFB,SPRK,117,3
tr|A0A384JGD8|A0A384JGD8_BOTFB,SPGK,168,3
tr|A0A384JGD8|A0A384JGD8_BOTFB,SPKK,237,3
tr|A0A384K2T0|A0A384K2T0_BOTFB,SPSK,249,1
tr|A0A384JQ68|A0A384JQ68_BOTFB,SPKK,1321,1
tr|A0A384JUL5|A0A384JUL5_BOTFB,SPRK,395,1
tr|A0A384JDE8|A0A384JDE8_BOTFB,SPHK,11,1
tr|A0A384JHW5|A0A384JHW5_BOTFB,SPSK,192,1
tr|A0A384JQB4|A0A384JQB4_BOTFB,SPLK,53,2
tr|A0A384JQB4|A0A384JQB4_BOTFB,SPPK,200,2
tr|A0A384K255|A0A384K255_BOTFB,SPLK,436,1
tr|A0A384J633|A0A384J633_BOTFB,SPAK,238,3
tr|A0A384J633|A0A384J633_BOTFB,SPVK,272,3
tr|A0A384J633|A0A384J633_BOTFB,SPDK,386,3
tr|A0A384JC88|A0A384JC88_BOTFB,SPGK,2920,1
tr|A0A384JVM9|A0A384JVM9_BOTFB,SPRK,278,1
tr|A0A384J574|A0A384J574_BOTFB,SPLK,359,3
tr|A0A384J574|A0A384J574_BOTFB,SPIK,484,3
tr|A0A384J574|A0A384J574_BOTFB,SPVK,553,3
tr|A0A384K237|A0A384K237_BOTFB,SPDK,679,1
tr|A0A384JMH7|A0A384JMH7_BOTFB,SPKK,106,1
tr|A0A384J9H9|A0A384J9H9_BOTFB,SPYK,234,1
tr|A0A384JM78|A0A384JM78_BOTFB,SPVK,141,1
tr|A0A384JZR1|A0A384JZR1_BOTFB,SPSK,745,1
tr|A0A384K5N6|A0A384K5N6_BOTFB,SPVK,71,2
tr|A0A384K5N6|A0A384K5N6_BOTFB,SPDK,449,2
tr|A0A384J6L1|A0A384J6L1_BOTFB,SPSK,61,1
tr|A0A384JP15|A0A384JP15_BOTFB,SPLK,40,1
tr|A0A384J677|A0A384J677_BOTFB,SPDK,834,1
tr|A0A384JVP7|A0A384JVP7_BOTFB,SPEK,584,1
tr|A0A384JQL7|A0A384JQL7_BOTFB,SPRK,46,1
tr|A0A384JKC8|A0A384JKC8_BOTFB,SPPK,1815,2
tr|A0A384JKC8|A0A384JKC8_BOTFB,SPDK,2027,2
tr|A0A384J3W6|A0A384J3W6_BOTFB,SPEK,560,1
tr|A0A384JAA0|A0A384JAA0_BOTFB,SPIK,10,2
tr|A0A384JAA0|A0A384JAA0_BOTFB,SPVK,70,2
tr|A0A384K4S4|A0A384K4S4_BOTFB,SPKK,376,2
tr|A0A384K4S4|A0A384K4S4_BOTFB,SPLK,643,2
tr|A0A384JV14|A0A384JV14_BOTFB,SPEK,12,1
tr|A0A384JLY3|A0A384JLY3_BOTFB,SPTK,26,1
tr|A0A384JZF3|A0A384JZF3_BOTFB,SPLK,396,1
tr|A0A384JN80|A0A384JN80_BOTFB,SPSK,2,1
tr|A0A384JP03|A0A384JP03_BOTFB,SPTK,95,1
tr|A0A384J496|A0A384J496_BOTFB,SPTK,16,2
tr|A0A384J496|A0A384J496_BOTFB,SPLK,321,2
tr|A0A384J5W7|A0A384J5W7_BOTFB,SPAK,489,1
tr|A0A384JJP5|A0A384JJP5_BOTFB,SPTK,110,1
tr|A0A384JRZ1|A0A384JRZ1_BOTFB,SPIK,607,1
tr|A0A384JVA4|A0A384JVA4_BOTFB,SPQK,21,5
tr|A0A384JVA4|A0A384JVA4_BOTFB,SPKK,203,5
tr|A0A384JVA4|A0A384JVA4_BOTFB,SPHK,411,5
tr|A0A384JVA4|A0A384JVA4_BOTFB,SPFK,655,5
tr|A0A384JVA4|A0A384JVA4_BOTFB,SPLK,1449,5
tr|A0A384JFZ2|A0A384JFZ2_BOTFB,SPKK,802,1
tr|A0A384JRU6|A0A384JRU6_BOTFB,SPTK,741,1
tr|R9U4H7|R9U4H7_BOTFB,SPDK,208,1
tr|A0A384JCJ5|A0A384JCJ5_BOTFB,SPGK,220,1
tr|A0A384J471|A0A384J471_BOTFB,SPGK,165,1
tr|A0A384K5J1|A0A384K5J1_BOTFB,SPWK,209,1
tr|A0A384JL73|A0A384JL73_BOTFB,SPGK,459,2
tr|A0A384JL73|A0A384JL73_BOTFB,SPLK,575,2
tr|A0A384JB53|A0A384JB53_BOTFB,SPPK,25,1
tr|A0A384J562|A0A384J562_BOTFB,SPGK,357,1
tr|A0A384JFI0|A0A384JFI0_BOTFB,SPDK,329,1
tr|A0A384K338|A0A384K338_BOTFB,SPIK,25,1
tr|A0A384K2A2|A0A384K2A2_BOTFB,SPIK,864,1
tr|A0A384JXI6|A0A384JXI6_BOTFB,SPKK,356,4
tr|A0A384JXI6|A0A384JXI6_BOTFB,SPLK,895,4
tr|A0A384JXI6|A0A384JXI6_BOTFB,SPVK,978,4
tr|A0A384JXI6|A0A384JXI6_BOTFB,SPRK,1030,4
tr|A0A384J5H8|A0A384J5H8_BOTFB,SPVK,69,1
tr|A0A384JBR1|A0A384JBR1_BOTFB,SPLK,298,1
tr|A0A384JN61|A0A384JN61_BOTFB,SPFK,210,1
tr|A0A384JTZ7|A0A384JTZ7_BOTFB,SPAK,186,1
tr|A0A384JI44|A0A384JI44_BOTFB,SPSK,436,1
tr|A0A384JIA8|A0A384JIA8_BOTFB,SPIK,128,1
tr|A0A384JPG8|A0A384JPG8_BOTFB,SPSK,379,1
tr|A0A384K2T3|A0A384K2T3_BOTFB,SPKK,847,3
tr|A0A384K2T3|A0A384K2T3_BOTFB,SPIK,1321,3
tr|A0A384K2T3|A0A384K2T3_BOTFB,SPSK,1360,3
tr|A0A384JXY8|A0A384JXY8_BOTFB,SPFK,881,1
tr|A0A384JVD2|A0A384JVD2_BOTFB,SPFK,321,1
tr|A0A384JWX6|A0A384JWX6_BOTFB,SPRK,6,1
tr|A0A384JK98|A0A384JK98_BOTFB,SPGK,809,1
tr|A0A384JN22|A0A384JN22_BOTFB,SPAK,82,3
tr|A0A384JN22|A0A384JN22_BOTFB,SPRK,99,3
tr|A0A384JN22|A0A384JN22_BOTFB,SPEK,446,3
tr|A0A384JW57|A0A384JW57_BOTFB,SPQK,37,1
tr|A0A384JP88|A0A384JP88_BOTFB,SPEK,53,1
tr|A0A384K702|A0A384K702_BOTFB,SPQK,138,1
tr|A0A384JDN6|A0A384JDN6_BOTFB,SPIK,710,1
tr|A0A384JH65|A0A384JH65_BOTFB,SPPK,363,3
tr|A0A384JH65|A0A384JH65_BOTFB,SPAK,438,3
tr|A0A384JH65|A0A384JH65_BOTFB,SPKK,512,3
tr|A0A384J7A6|A0A384J7A6_BOTFB,SPKK,17,1
tr|A0A384J553|A0A384J553_BOTFB,SPGK,532,1
tr|A0A384J5M5|A0A384J5M5_BOTFB,SPMK,230,1
tr|A0A384JB67|A0A384JB67_BOTFB,SPLK,104,1
tr|A0A384JI50|A0A384JI50_BOTFB,SPNK,332,1
tr|A0A384J7J3|A0A384J7J3_BOTFB,SPPK,4,9
tr|A0A384J7J3|A0A384J7J3_BOTFB,SPKK,231,9
tr|A0A384J7J3|A0A384J7J3_BOTFB,SPVK,264,9
tr|A0A384J7J3|A0A384J7J3_BOTFB,SPFK,352,9
tr|A0A384J7J3|A0A384J7J3_BOTFB,SPFK,373,9
tr|A0A384J7J3|A0A384J7J3_BOTFB,SPTK,405,9
tr|A0A384J7J3|A0A384J7J3_BOTFB,SPEK,657,9
tr|A0A384J7J3|A0A384J7J3_BOTFB,SPAK,698,9
tr|A0A384J7J3|A0A384J7J3_BOTFB,SPFK,913,9
tr|A0A384K5S4|A0A384K5S4_BOTFB,SPSK,128,1
tr|A0A384JQ04|A0A384JQ04_BOTFB,SPRK,967,1
tr|A0A384K707|A0A384K707_BOTFB,SPEK,35,1
tr|A0A384JGG6|A0A384JGG6_BOTFB,SPYK,135,1
tr|A0A384JBM7|A0A384JBM7_BOTFB,SPRK,208,1
tr|A0A384J7U8|A0A384J7U8_BOTFB,SPQK,490,1
tr|A0A384K1V0|A0A384K1V0_BOTFB,SPDK,412,1
tr|A0A384JJQ9|A0A384JJQ9_BOTFB,SPDK,326,1
tr|A0A384JPM6|A0A384JPM6_BOTFB,SPTK,85,1
tr|A0A384JQY3|A0A384JQY3_BOTFB,SPSK,154,4
tr|A0A384JQY3|A0A384JQY3_BOTFB,SPSK,167,4
tr|A0A384JQY3|A0A384JQY3_BOTFB,SPIK,391,4
tr|A0A384JQY3|A0A384JQY3_BOTFB,SPKK,1151,4
tr|A0A384JLC4|A0A384JLC4_BOTFB,SPTK,3374,1
tr|A0A384K010|A0A384K010_BOTFB,SPSK,136,2
tr|A0A384K010|A0A384K010_BOTFB,SPVK,278,2
tr|A0A384JJM4|A0A384JJM4_BOTFB,SPIK,106,1
tr|A0A384JYU6|A0A384JYU6_BOTFB,SPSK,48,1
tr|A0A384JD59|A0A384JD59_BOTFB,SPIK,710,1
tr|A0A384JBN9|A0A384JBN9_BOTFB,SPTK,32,3
tr|A0A384JBN9|A0A384JBN9_BOTFB,SPLK,42,3
tr|A0A384JBN9|A0A384JBN9_BOTFB,SPIK,91,3
tr|A0A384JTT1|A0A384JTT1_BOTFB,SPAK,149,1
tr|A0A384JK33|A0A384JK33_BOTFB,SPLK,556,1
tr|A0A384JKS5|A0A384JKS5_BOTFB,SPVK,151,2
tr|A0A384JKS5|A0A384JKS5_BOTFB,SPSK,659,2
tr|A0A384K690|A0A384K690_BOTFB,SPCK,409,1
tr|A0A384JP19|A0A384JP19_BOTFB,SPSK,125,1
tr|A0A384JB86|A0A384JB86_BOTFB,SPVK,313,1
tr|A0A384JG42|A0A384JG42_BOTFB,SPSK,401,1
tr|A0A384J7B5|A0A384J7B5_BOTFB,SPEK,584,1
tr|A0A384J4N5|A0A384J4N5_BOTFB,SPRK,224,1
tr|A0A384JK92|A0A384JK92_BOTFB,SPLK,134,1
tr|A0A384JKN4|A0A384JKN4_BOTFB,SPSK,267,1
tr|A0A384JVK1|A0A384JVK1_BOTFB,SPRK,587,1
tr|A0A384JYP5|A0A384JYP5_BOTFB,SPQK,19,1
tr|A0A384K648|A0A384K648_BOTFB,SPMK,376,1
tr|A0A384J9U7|A0A384J9U7_BOTFB,SPPK,2,1
tr|A0A384JKM9|A0A384JKM9_BOTFB,SPIK,236,1
tr|A0A384JS39|A0A384JS39_BOTFB,SPIK,84,2
tr|A0A384JS39|A0A384JS39_BOTFB,SPSK,661,2
tr|A0A384JXH3|A0A384JXH3_BOTFB,SPPK,149,1
tr|A0A384JW25|A0A384JW25_BOTFB,SPLK,320,2
tr|A0A384JW25|A0A384JW25_BOTFB,SPIK,393,2
tr|A0A384JI20|A0A384JI20_BOTFB,SPTK,554,1
tr|A0A384K3Y3|A0A384K3Y3_BOTFB,SPPK,22,1
tr|A0A384JT62|A0A384JT62_BOTFB,SPTK,35,1
tr|A0A384K2T5|A0A384K2T5_BOTFB,SPSK,249,1
tr|A0A384JMY9|A0A384JMY9_BOTFB,SPPK,376,4
tr|A0A384JMY9|A0A384JMY9_BOTFB,SPVK,547,4
tr|A0A384JMY9|A0A384JMY9_BOTFB,SPTK,599,4
tr|A0A384JMY9|A0A384JMY9_BOTFB,SPPK,705,4
tr|A0A384JQU3|A0A384JQU3_BOTFB,SPPK,139,1
tr|A0A384JUK7|A0A384JUK7_BOTFB,SPTK,48,2
tr|A0A384JUK7|A0A384JUK7_BOTFB,SPPK,253,2
tr|A0A384J5D6|A0A384J5D6_BOTFB,SPHK,300,1
tr|A0A384J9D3|A0A384J9D3_BOTFB,SPPK,160,1
tr|A0A384JQA7|A0A384JQA7_BOTFB,SPGK,97,1
tr|A0A384J5K2|A0A384J5K2_BOTFB,SPTK,219,1
tr|A0A384JBX2|A0A384JBX2_BOTFB,SPEK,97,1
tr|A0A384JV21|A0A384JV21_BOTFB,SPPK,227,1
tr|A0A384K2E5|A0A384K2E5_BOTFB,SPGK,940,1
tr|A0A384J560|A0A384J560_BOTFB,SPEK,18,2
tr|A0A384J560|A0A384J560_BOTFB,SPIK,470,2
tr|A0A384K3Z9|A0A384K3Z9_BOTFB,SPFK,344,5
tr|A0A384K3Z9|A0A384K3Z9_BOTFB,SPTK,687,5
tr|A0A384K3Z9|A0A384K3Z9_BOTFB,SPIK,705,5
tr|A0A384K3Z9|A0A384K3Z9_BOTFB,SPEK,724,5
tr|A0A384K3Z9|A0A384K3Z9_BOTFB,SPRK,772,5
tr|A0A384JZH4|A0A384JZH4_BOTFB,SPSK,893,1
tr|A0A384JIT2|A0A384JIT2_BOTFB,SPHK,1584,1
tr|A0A384J5F6|A0A384J5F6_BOTFB,SPRK,125,1
tr|A0A384JYR5|A0A384JYR5_BOTFB,SPSK,277,2
tr|A0A384JYR5|A0A384JYR5_BOTFB,SPSK,282,2
tr|A0A384JSF2|A0A384JSF2_BOTFB,SPSK,433,1
tr|A0A384JEI4|A0A384JEI4_BOTFB,SPYK,2,1
tr|A0A384JZC5|A0A384JZC5_BOTFB,SPPK,35,1
tr|A0A384JF07|A0A384JF07_BOTFB,SPPK,210,1
tr|A0A384K3J4|A0A384K3J4_BOTFB,SPPK,22,1
tr|A0A384JM67|A0A384JM67_BOTFB,SPEK,580,1
tr|A0A384J937|A0A384J937_BOTFB,SPPK,247,1
tr|A0A384JY10|A0A384JY10_BOTFB,SPQK,535,3
tr|A0A384JY10|A0A384JY10_BOTFB,SPSK,648,3
tr|A0A384JY10|A0A384JY10_BOTFB,SPTK,767,3
tr|A0A384JN42|A0A384JN42_BOTFB,SPQK,1268,1
tr|A0A384K2L6|A0A384K2L6_BOTFB,SPAK,34,2
tr|A0A384K2L6|A0A384K2L6_BOTFB,SPSK,50,2
tr|A0A384JT39|A0A384JT39_BOTFB,SPSK,38,6
tr|A0A384JT39|A0A384JT39_BOTFB,SPSK,63,6
tr|A0A384JT39|A0A384JT39_BOTFB,SPMK,122,6
tr|A0A384JT39|A0A384JT39_BOTFB,SPLK,199,6
tr|A0A384JT39|A0A384JT39_BOTFB,SPTK,246,6
tr|A0A384JT39|A0A384JT39_BOTFB,SPSK,330,6
tr|A0A384JK15|A0A384JK15_BOTFB,SPTK,4,1
tr|A0A384JT66|A0A384JT66_BOTFB,SPPK,158,1
tr|A0A384JXQ1|A0A384JXQ1_BOTFB,SPEK,228,1
tr|A0A384J743|A0A384J743_BOTFB,SPSK,192,1
tr|A0A384JTP8|A0A384JTP8_BOTFB,SPRK,63,1
tr|A0A384K1R7|A0A384K1R7_BOTFB,SPSK,644,1
tr|A0A384JEX3|A0A384JEX3_BOTFB,SPKK,485,1
tr|A0A384JN78|A0A384JN78_BOTFB,SPDK,903,1
tr|A0A384JDP0|A0A384JDP0_BOTFB,SPSK,1085,2
tr|A0A384JDP0|A0A384JDP0_BOTFB,SPVK,1123,2
tr|A0A384JMW2|A0A384JMW2_BOTFB,SPTK,488,1
tr|A0A384K5E4|A0A384K5E4_BOTFB,SPDK,132,1
tr|A0A384JZY6|A0A384JZY6_BOTFB,SPVK,81,1
tr|A0A384J501|A0A384J501_BOTFB,SPSK,364,1
tr|A0A384J5X6|A0A384J5X6_BOTFB,SPSK,576,1
tr|A0A384K393|A0A384K393_BOTFB,SPKK,15,1
tr|A0A384JGW5|A0A384JGW5_BOTFB,SPLK,438,1
tr|A0A384JLE7|A0A384JLE7_BOTFB,SPRK,200,1
tr|A0A384JY03|A0A384JY03_BOTFB,SPSK,130,1
tr|A0A384K7Z2|A0A384K7Z2_BOTFB,SPPK,201,1
tr|A0A384JLH5|A0A384JLH5_BOTFB,SPVK,531,1
tr|A0A384J6Y3|A0A384J6Y3_BOTFB,SPDK,668,1
tr|A0A384K1H0|A0A384K1H0_BOTFB,SPLK,29,1
tr|A0A384JA74|A0A384JA74_BOTFB,SPQK,395,2
tr|A0A384JA74|A0A384JA74_BOTFB,SPIK,824,2
tr|A0A384JZ66|A0A384JZ66_BOTFB,SPSK,746,1
tr|A0A384K5I3|A0A384K5I3_BOTFB,SPEK,660,1
tr|A0A384K269|A0A384K269_BOTFB,SPPK,221,1
tr|A0A384J9X7|A0A384J9X7_BOTFB,SPLK,350,1
tr|A0A384JE74|A0A384JE74_BOTFB,SPLK,722,1
tr|A0A384J8K8|A0A384J8K8_BOTFB,SPLK,346,1
tr|A0A384JEP6|A0A384JEP6_BOTFB,SPGK,259,1
tr|A0A384JRV0|A0A384JRV0_BOTFB,SPTK,741,1
tr|A0A384J7Y5|A0A384J7Y5_BOTFB,SPFK,852,1
tr|A0A384J5S7|A0A384J5S7_BOTFB,SPPK,44,1
tr|A0A384JAI1|A0A384JAI1_BOTFB,SPTK,52,1
tr|A0A384K6L3|A0A384K6L3_BOTFB,SPKK,280,1
tr|A0A384JMF5|A0A384JMF5_BOTFB,SPPK,168,1
tr|A0A384JQ70|A0A384JQ70_BOTFB,SPGK,97,1
tr|A0A384JDN3|A0A384JDN3_BOTFB,SPLK,448,1
tr|A0A384JLB9|A0A384JLB9_BOTFB,SPKK,61,1
tr|A0A384JQJ1|A0A384JQJ1_BOTFB,SPYK,583,1
tr|A0A384K4G7|A0A384K4G7_BOTFB,SPNK,160,1
tr|A0A384JKI9|A0A384JKI9_BOTFB,SPHK,308,1
tr|A0A384JHN6|A0A384JHN6_BOTFB,SPFK,90,1
tr|A0A384J9B1|A0A384J9B1_BOTFB,SPVK,543,1
tr|A0A384JIS9|A0A384JIS9_BOTFB,SPNK,651,1
tr|A0A384K0H2|A0A384K0H2_BOTFB,SPVK,798,1
tr|A0A384JDV5|A0A384JDV5_BOTFB,SPEK,538,1
tr|A0A384K6X8|A0A384K6X8_BOTFB,SPLK,20,1
tr|A0A384JB36|A0A384JB36_BOTFB,SPGK,397,1
tr|A0A384JYN7|A0A384JYN7_BOTFB,SPNK,766,1
tr|A0A384J9C7|A0A384J9C7_BOTFB,SPNK,527,2
tr|A0A384J9C7|A0A384J9C7_BOTFB,SPPK,532,2
tr|A0A384K1K8|A0A384K1K8_BOTFB,SPLK,65,1
tr|A0A384JM23|A0A384JM23_BOTFB,SPGK,905,1
tr|A0A384JZ53|A0A384JZ53_BOTFB,SPPK,19,1
tr|A0A384JGS6|A0A384JGS6_BOTFB,SPAK,278,1
tr|A0A384K1Z2|A0A384K1Z2_BOTFB,SPRK,561,1
tr|A0A384J7Q1|A0A384J7Q1_BOTFB,SPPK,737,1
tr|A0A384K109|A0A384K109_BOTFB,SPSK,12,1
tr|A0A384J8B4|A0A384J8B4_BOTFB,SPGK,165,1
tr|A0A384JLY0|A0A384JLY0_BOTFB,SPRK,1237,1
tr|A0A384J7S6|A0A384J7S6_BOTFB,SPFK,246,1
tr|A0A384K4P1|A0A384K4P1_BOTFB,SPIK,123,1
tr|A0A384K125|A0A384K125_BOTFB,SPHK,491,1
tr|A0A384J9C8|A0A384J9C8_BOTFB,SPPK,353,1
tr|A0A384JUB3|A0A384JUB3_BOTFB,SPYK,201,1
tr|A0A384JUJ9|A0A384JUJ9_BOTFB,SPVK,318,1
tr|A0A384K2W5|A0A384K2W5_BOTFB,SPEK,66,1
tr|A0A384JSA1|A0A384JSA1_BOTFB,SPFK,296,1
tr|A0A384JBQ2|A0A384JBQ2_BOTFB,SPKK,68,2
tr|A0A384JBQ2|A0A384JBQ2_BOTFB,SPTK,104,2
tr|A0A384K6C2|A0A384K6C2_BOTFB,SPAK,811,1
tr|A0A384JFI1|A0A384JFI1_BOTFB,SPSK,150,1
tr|A0A384JH43|A0A384JH43_BOTFB,SPAK,217,1
tr|A0A384JGJ3|A0A384JGJ3_BOTFB,SPVK,50,1
tr|A0A384J3Y0|A0A384J3Y0_BOTFB,SPKK,211,1
tr|A0A384JBK9|A0A384JBK9_BOTFB,SPIK,100,1
tr|A0A384JZP1|A0A384JZP1_BOTFB,SPVK,801,6
tr|A0A384JZP1|A0A384JZP1_BOTFB,SPGK,828,6
tr|A0A384JZP1|A0A384JZP1_BOTFB,SPVK,1258,6
tr|A0A384JZP1|A0A384JZP1_BOTFB,SPLK,1265,6
tr|A0A384JZP1|A0A384JZP1_BOTFB,SPIK,1331,6
tr|A0A384JZP1|A0A384JZP1_BOTFB,SPQK,1386,6
tr|A0A384JG26|A0A384JG26_BOTFB,SPVK,103,1
tr|A0A384J6X7|A0A384J6X7_BOTFB,SPFK,48,2
tr|A0A384J6X7|A0A384J6X7_BOTFB,SPPK,303,2
tr|A0A384JLL2|A0A384JLL2_BOTFB,SPPK,679,1
tr|A0A384JBE6|A0A384JBE6_BOTFB,SPRK,346,1
tr|A0A384K410|A0A384K410_BOTFB,SPAK,737,1
tr|A0A384K2H3|A0A384K2H3_BOTFB,SPLK,266,1
tr|A0A384JK27|A0A384JK27_BOTFB,SPNK,375,1
tr|A0A384JL64|A0A384JL64_BOTFB,SPLK,18,1
tr|A0A384JYP7|A0A384JYP7_BOTFB,SPTK,556,1
tr|A0A384JUP6|A0A384JUP6_BOTFB,SPRK,154,1
tr|A0A384J558|A0A384J558_BOTFB,SPIK,3,1
tr|A0A384K426|A0A384K426_BOTFB,SPRK,96,1
tr|A0A384J959|A0A384J959_BOTFB,SPLK,101,1
tr|A0A384J5N3|A0A384J5N3_BOTFB,SPSK,54,1
tr|A0A384JEE6|A0A384JEE6_BOTFB,SPTK,152,2
tr|A0A384JEE6|A0A384JEE6_BOTFB,SPSK,493,2
tr|A0A384JX42|A0A384JX42_BOTFB,SPYK,1346,1
tr|A0A384JCI8|A0A384JCI8_BOTFB,SPEK,730,1
tr|A0A384J479|A0A384J479_BOTFB,SPAK,403,2
tr|A0A384J479|A0A384J479_BOTFB,SPSK,1048,2
tr|A0A384JN91|A0A384JN91_BOTFB,SPLK,13,1
tr|A0A384JKL7|A0A384JKL7_BOTFB,SPGK,809,1
tr|A0A384JK41|A0A384JK41_BOTFB,SPPK,1745,2
tr|A0A384JK41|A0A384JK41_BOTFB,SPDK,1957,2
tr|A0A384JU97|A0A384JU97_BOTFB,SPNK,123,2
tr|A0A384JU97|A0A384JU97_BOTFB,SPPK,538,2
tr|A0A384J8V0|A0A384J8V0_BOTFB,SPIK,137,3
tr|A0A384J8V0|A0A384J8V0_BOTFB,SPSK,180,3
tr|A0A384J8V0|A0A384J8V0_BOTFB,SPIK,588,3
tr|A0A384K4L0|A0A384K4L0_BOTFB,SPPK,387,1
tr|A0A384JVS8|A0A384JVS8_BOTFB,SPKK,671,1
tr|A0A384K4B5|A0A384K4B5_BOTFB,SPEK,224,1
tr|A0A384JVU0|A0A384JVU0_BOTFB,SPAK,282,1
tr|A0A384JHN0|A0A384JHN0_BOTFB,SPKK,709,2
tr|A0A384JHN0|A0A384JHN0_BOTFB,SPTK,797,2
tr|A0A384JA01|A0A384JA01_BOTFB,SPPK,88,1
tr|A0A384JX01|A0A384JX01_BOTFB,SPMK,527,1
tr|A0A384K118|A0A384K118_BOTFB,SPNK,231,1
tr|A0A384JKK6|A0A384JKK6_BOTFB,SPLK,131,1
tr|A0A384JR72|A0A384JR72_BOTFB,SPMK,458,1
tr|A0A384K174|A0A384K174_BOTFB,SPIK,1236,3
tr|A0A384K174|A0A384K174_BOTFB,SPKK,1261,3
tr|A0A384K174|A0A384K174_BOTFB,SPMK,1268,3
tr|A0A384JN11|A0A384JN11_BOTFB,SPTK,1026,1
tr|A0A384JYD3|A0A384JYD3_BOTFB,SPTK,670,2
tr|A0A384JYD3|A0A384JYD3_BOTFB,SPTK,744,2
tr|A0A384JVR5|A0A384JVR5_BOTFB,SPKK,971,1
tr|A0A384JHB8|A0A384JHB8_BOTFB,SPQK,1234,1
tr|A0A384JP81|A0A384JP81_BOTFB,SPVK,22,1
tr|A0A384K1A4|A0A384K1A4_BOTFB,SPRK,1804,1
tr|A0A384JUT8|A0A384JUT8_BOTFB,SPVK,190,1
tr|A0A384JQD5|A0A384JQD5_BOTFB,SPSK,466,1
tr|A0A384K1P0|A0A384K1P0_BOTFB,SPEK,48,2
tr|A0A384K1P0|A0A384K1P0_BOTFB,SPPK,133,2
tr|A0A384JCZ1|A0A384JCZ1_BOTFB,SPAK,41,5
tr|A0A384JCZ1|A0A384JCZ1_BOTFB,SPSK,71,5
tr|A0A384JCZ1|A0A384JCZ1_BOTFB,SPMK,227,5
tr|A0A384JCZ1|A0A384JCZ1_BOTFB,SPAK,247,5
tr|A0A384JCZ1|A0A384JCZ1_BOTFB,SPKK,363,5
tr|A0A384JQW0|A0A384JQW0_BOTFB,SPQK,674,1
tr|A0A384J8X5|A0A384J8X5_BOTFB,SPSK,190,2
tr|A0A384J8X5|A0A384J8X5_BOTFB,SPGK,360,2
tr|A0A384JG14|A0A384JG14_BOTFB,SPTK,415,1
tr|A0A384JNX0|A0A384JNX0_BOTFB,SPTK,54,1
tr|A0A384JFR4|A0A384JFR4_BOTFB,SPDK,41,1
tr|A0A384JXT0|A0A384JXT0_BOTFB,SPTK,411,1
tr|A0A384J5S2|A0A384J5S2_BOTFB,SPTK,212,1
tr|A0A384JNZ9|A0A384JNZ9_BOTFB,SPRK,643,1
tr|A0A384J3W8|A0A384J3W8_BOTFB,SPQK,168,1
tr|A0A384JWR2|A0A384JWR2_BOTFB,SPVK,118,1
tr|A0A384JWT5|A0A384JWT5_BOTFB,SPVK,219,1
tr|A0A384JUR4|A0A384JUR4_BOTFB,SPSK,86,4
tr|A0A384JUR4|A0A384JUR4_BOTFB,SPSK,677,4
tr|A0A384JUR4|A0A384JUR4_BOTFB,SPSK,714,4
tr|A0A384JUR4|A0A384JUR4_BOTFB,SPIK,903,4
tr|A0A384JNQ5|A0A384JNQ5_BOTFB,SPEK,386,1
tr|A0A384JES3|A0A384JES3_BOTFB,SPVK,389,1
tr|A0A384JNU9|A0A384JNU9_BOTFB,SPQK,263,1
tr|A0A384JB79|A0A384JB79_BOTFB,SPLK,185,1
tr|A0A384JQ54|A0A384JQ54_BOTFB,SPEK,90,1
tr|A0A384JES7|A0A384JES7_BOTFB,SPSK,105,1
tr|A0A384K500|A0A384K500_BOTFB,SPHK,7,1
tr|A0A384JX11|A0A384JX11_BOTFB,SPYK,732,1
tr|A0A384JW23|A0A384JW23_BOTFB,SPPK,132,1
tr|A0A384JHJ2|A0A384JHJ2_BOTFB,SPSK,5,1
tr|A0A384JH64|A0A384JH64_BOTFB,SPLK,254,1
tr|A0A384J3X6|A0A384J3X6_BOTFB,SPQK,624,2
tr|A0A384J3X6|A0A384J3X6_BOTFB,SPRK,714,2
tr|A0A384JSL4|A0A384JSL4_BOTFB,SPWK,213,1
tr|A0A384K538|A0A384K538_BOTFB,SPAK,245,1
tr|A0A384K6R1|A0A384K6R1_BOTFB,SPKK,480,1
tr|A0A384JYU3|A0A384JYU3_BOTFB,SPPK,168,1
tr|A0A384JV56|A0A384JV56_BOTFB,SPIK,33,1
tr|A0A384K808|A0A384K808_BOTFB,SPTK,190,1
tr|A0A384JJ69|A0A384JJ69_BOTFB,SPGK,78,1
tr|A0A384JLT6|A0A384JLT6_BOTFB,SPYK,224,1
tr|A0A384K1P2|A0A384K1P2_BOTFB,SPPK,1353,1
tr|A0A384J731|A0A384J731_BOTFB,SPVK,219,4
tr|A0A384J731|A0A384J731_BOTFB,SPAK,750,4
tr|A0A384J731|A0A384J731_BOTFB,SPFK,921,4
tr|A0A384J731|A0A384J731_BOTFB,SPLK,936,4
tr|A0A384K759|A0A384K759_BOTFB,SPAK,809,1
tr|A0A384J9Y8|A0A384J9Y8_BOTFB,SPSK,73,2
tr|A0A384J9Y8|A0A384J9Y8_BOTFB,SPPK,263,2
tr|A0A384JUV0|A0A384JUV0_BOTFB,SPSK,49,1
tr|A0A384JA59|A0A384JA59_BOTFB,SPYK,122,1
tr|A0A384JDC8|A0A384JDC8_BOTFB,SPSK,29,1
tr|A0A384K4F8|A0A384K4F8_BOTFB,SPTK,640,1
tr|A0A384JYV5|A0A384JYV5_BOTFB,SPLK,538,1
tr|A0A384JV07|A0A384JV07_BOTFB,SPDK,110,1
tr|A0A384K515|A0A384K515_BOTFB,SPEK,418,1
tr|A0A384JBY7|A0A384JBY7_BOTFB,SPLK,1147,1
tr|A0A384JJ02|A0A384JJ02_BOTFB,SPDK,59,1
tr|A0A384JHG5|A0A384JHG5_BOTFB,SPFK,8,1
tr|A0A384K473|A0A384K473_BOTFB,SPRK,57,1
tr|A0A384J7K2|A0A384J7K2_BOTFB,SPSK,24,1
tr|A0A384JC06|A0A384JC06_BOTFB,SPWK,103,1
tr|A0A384JXU6|A0A384JXU6_BOTFB,SPEK,431,1
tr|A0A384JLL1|A0A384JLL1_BOTFB,SPKK,311,1
tr|A0A384JDZ3|A0A384JDZ3_BOTFB,SPIK,68,6
tr|A0A384JDZ3|A0A384JDZ3_BOTFB,SPLK,87,6
tr|A0A384JDZ3|A0A384JDZ3_BOTFB,SPTK,97,6
tr|A0A384JDZ3|A0A384JDZ3_BOTFB,SPRK,107,6
tr|A0A384JDZ3|A0A384JDZ3_BOTFB,SPLK,127,6
tr|A0A384JDZ3|A0A384JDZ3_BOTFB,SPSK,305,6
tr|A0A384JDT3|A0A384JDT3_BOTFB,SPSK,392,1
tr|A0A384K413|A0A384K413_BOTFB,SPKK,377,1
tr|A0A384JA23|A0A384JA23_BOTFB,SPTK,387,1
tr|A0A384JW80|A0A384JW80_BOTFB,SPQK,470,7
tr|A0A384JW80|A0A384JW80_BOTFB,SPEK,588,7
tr|A0A384JW80|A0A384JW80_BOTFB,SPVK,884,7
tr|A0A384JW80|A0A384JW80_BOTFB,SPVK,1066,7
tr|A0A384JW80|A0A384JW80_BOTFB,SPEK,1084,7
tr|A0A384JW80|A0A384JW80_BOTFB,SPEK,1130,7
tr|A0A384JW80|A0A384JW80_BOTFB,SPEK,1246,7
tr|A0A384JAH5|A0A384JAH5_BOTFB,SPSK,741,1
tr|A0A384JR17|A0A384JR17_BOTFB,SPPK,43,1
tr|A0A384JC29|A0A384JC29_BOTFB,SPGK,690,1
tr|A0A384JLU6|A0A384JLU6_BOTFB,SPAK,36,2
tr|A0A384JLU6|A0A384JLU6_BOTFB,SPQK,407,2
tr|A0A384J3U7|A0A384J3U7_BOTFB,SPGK,69,2
tr|A0A384J3U7|A0A384J3U7_BOTFB,SPVK,123,2
tr|A0A384J802|A0A384J802_BOTFB,SPPK,737,1
tr|A0A384JE15|A0A384JE15_BOTFB,SPPK,41,1
tr|A0A384JKC9|A0A384JKC9_BOTFB,SPGK,925,1
tr|A0A384JHG9|A0A384JHG9_BOTFB,SPVK,38,1
tr|A0A384JCQ4|A0A384JCQ4_BOTFB,SPGK,211,1
tr|A0A384K7R2|A0A384K7R2_BOTFB,SPFK,1145,1
tr|A0A384J812|A0A384J812_BOTFB,SPAK,152,6
tr|A0A384J812|A0A384J812_BOTFB,SPPK,257,6
tr|A0A384J812|A0A384J812_BOTFB,SPGK,301,6
tr|A0A384J812|A0A384J812_BOTFB,SPSK,347,6
tr|A0A384J812|A0A384J812_BOTFB,SPTK,364,6
tr|A0A384J812|A0A384J812_BOTFB,SPNK,476,6
tr|A0A384JSM9|A0A384JSM9_BOTFB,SPYK,502,1
tr|A0A384JYE4|A0A384JYE4_BOTFB,SPTK,31,1
tr|A0A384K1E2|A0A384K1E2_BOTFB,SPGK,662,1
tr|A0A384JT52|A0A384JT52_BOTFB,SPVK,760,1
tr|A0A384K335|A0A384K335_BOTFB,SPFK,198,1
tr|A0A384JE08|A0A384JE08_BOTFB,SPSK,168,1
tr|A0A384J509|A0A384J509_BOTFB,SPKK,12,2
tr|A0A384J509|A0A384J509_BOTFB,SPIK,828,2
tr|A0A384JYG0|A0A384JYG0_BOTFB,SPPK,298,1
tr|A0A384JDU2|A0A384JDU2_BOTFB,SPEK,297,1
tr|A0A384JCC4|A0A384JCC4_BOTFB,SPTK,2436,1
tr|A0A384JI66|A0A384JI66_BOTFB,SPSK,153,1
tr|A0A384JP46|A0A384JP46_BOTFB,SPVK,396,1
tr|A0A384JF91|A0A384JF91_BOTFB,SPQK,1201,1
tr|A0A384J940|A0A384J940_BOTFB,SPPK,119,1
tr|A0A384JD05|A0A384JD05_BOTFB,SPVK,124,1
tr|A0A384K4V1|A0A384K4V1_BOTFB,SPSK,405,1
tr|A0A384JQQ6|A0A384JQQ6_BOTFB,SPFK,359,1
tr|A0A384JTI6|A0A384JTI6_BOTFB,SPNK,276,2
tr|A0A384JTI6|A0A384JTI6_BOTFB,SPQK,292,2
tr|A0A384JT29|A0A384JT29_BOTFB,SPSK,38,6
tr|A0A384JT29|A0A384JT29_BOTFB,SPSK,63,6
tr|A0A384JT29|A0A384JT29_BOTFB,SPMK,122,6
tr|A0A384JT29|A0A384JT29_BOTFB,SPLK,199,6
tr|A0A384JT29|A0A384JT29_BOTFB,SPTK,246,6
tr|A0A384JT29|A0A384JT29_BOTFB,SPSK,330,6
tr|A0A384K719|A0A384K719_BOTFB,SPTK,333,1
tr|A0A384JLD9|A0A384JLD9_BOTFB,SPRK,233,1
tr|A0A384JAR4|A0A384JAR4_BOTFB,SPIK,693,1
tr|A0A384J8H2|A0A384J8H2_BOTFB,SPSK,20,4
tr|A0A384J8H2|A0A384J8H2_BOTFB,SPSK,44,4
tr|A0A384J8H2|A0A384J8H2_BOTFB,SPTK,49,4
tr|A0A384J8H2|A0A384J8H2_BOTFB,SPSK,287,4
tr|A0A384JS93|A0A384JS93_BOTFB,SPVK,68,1
tr|A0A384JKV6|A0A384JKV6_BOTFB,SPKK,134,1
tr|A0A384J5E1|A0A384J5E1_BOTFB,SPIK,679,2
tr|A0A384J5E1|A0A384J5E1_BOTFB,SPTK,811,2
tr|A0A384JF53|A0A384JF53_BOTFB,SPQK,1270,1
tr|A0A384JRP4|A0A384JRP4_BOTFB,SPAK,1334,1
tr|A0A384JYU4|A0A384JYU4_BOTFB,SPLK,261,1
tr|A0A384JBY0|A0A384JBY0_BOTFB,SPVK,126,1
tr|A0A384JMX5|A0A384JMX5_BOTFB,SPTK,468,1
tr|A0A384JMD3|A0A384JMD3_BOTFB,SPSK,565,1
tr|A0A384JB90|A0A384JB90_BOTFB,SPSK,156,5
tr|A0A384JB90|A0A384JB90_BOTFB,SPSK,168,5
tr|A0A384JB90|A0A384JB90_BOTFB,SPSK,182,5
tr|A0A384JB90|A0A384JB90_BOTFB,SPRK,1041,5
tr|A0A384JB90|A0A384JB90_BOTFB,SPQK,1079,5
tr|A0A384J7P5|A0A384J7P5_BOTFB,SPNK,324,2
tr|A0A384J7P5|A0A384J7P5_BOTFB,SPCK,577,2
tr|A0A384J753|A0A384J753_BOTFB,SPQK,100,1
tr|A0A384JI34|A0A384JI34_BOTFB,SPKK,872,1
tr|A0A384K2X0|A0A384K2X0_BOTFB,SPGK,80,1
tr|A0A384K1L0|A0A384K1L0_BOTFB,SPGK,323,2
tr|A0A384K1L0|A0A384K1L0_BOTFB,SPTK,1105,2
tr|A0A384JXS6|A0A384JXS6_BOTFB,SPTK,218,3
tr|A0A384JXS6|A0A384JXS6_BOTFB,SPTK,754,3
tr|A0A384JXS6|A0A384JXS6_BOTFB,SPTK,828,3
tr|A0A384J6R3|A0A384J6R3_BOTFB,SPVK,388,3
tr|A0A384J6R3|A0A384J6R3_BOTFB,SPAK,392,3
tr|A0A384J6R3|A0A384J6R3_BOTFB,SPVK,396,3
tr|A0A384JNG1|A0A384JNG1_BOTFB,SPEK,8,1
tr|A0A384JX07|A0A384JX07_BOTFB,SPEK,458,1
tr|A0A384K122|A0A384K122_BOTFB,SPDK,179,1
tr|A0A384J9R6|A0A384J9R6_BOTFB,SPGK,23,1
tr|A0A384K0E0|A0A384K0E0_BOTFB,SPVK,798,1
tr|A0A384JDX7|A0A384JDX7_BOTFB,SPAK,405,1
tr|A0A384J957|A0A384J957_BOTFB,SPPK,166,2
tr|A0A384J957|A0A384J957_BOTFB,SPVK,277,2
tr|A0A384JGT1|A0A384JGT1_BOTFB,SPTK,436,1
tr|A0A384JU39|A0A384JU39_BOTFB,SPAK,322,1
tr|A0A384K0B3|A0A384K0B3_BOTFB,SPGK,74,1
tr|A0A384JTM9|A0A384JTM9_BOTFB,SPDK,175,1
tr|A0A384J8P6|A0A384J8P6_BOTFB,SPQK,58,1
tr|A0A384J720|A0A384J720_BOTFB,SPQK,103,1
tr|A0A384J7Q7|A0A384J7Q7_BOTFB,SPAK,713,3
tr|A0A384J7Q7|A0A384J7Q7_BOTFB,SPFK,884,3
tr|A0A384J7Q7|A0A384J7Q7_BOTFB,SPLK,924,3
tr|A0A384J9Z2|A0A384J9Z2_BOTFB,SPWK,3,3
tr|A0A384J9Z2|A0A384J9Z2_BOTFB,SPLK,94,3
tr|A0A384J9Z2|A0A384J9Z2_BOTFB,SPIK,164,3
tr|A0A384JZG6|A0A384JZG6_BOTFB,SPSK,598,2
tr|A0A384JZG6|A0A384JZG6_BOTFB,SPLK,618,2
tr|A0A384JTN2|A0A384JTN2_BOTFB,SPAK,26,1
tr|A0A384JBW3|A0A384JBW3_BOTFB,SPEK,676,2
tr|A0A384JBW3|A0A384JBW3_BOTFB,SPPK,768,2
tr|A0A384J750|A0A384J750_BOTFB,SPLK,354,1
tr|A0A384JF29|A0A384JF29_BOTFB,SPAK,218,1
tr|A0A384K633|A0A384K633_BOTFB,SPTK,305,1
tr|A0A384JFL2|A0A384JFL2_BOTFB,SPSK,16,1
tr|A0A384JVP1|A0A384JVP1_BOTFB,SPHK,579,1
tr|A0A384JIM8|A0A384JIM8_BOTFB,SPEK,428,2
tr|A0A384JIM8|A0A384JIM8_BOTFB,SPVK,504,2
tr|A0A384JP83|A0A384JP83_BOTFB,SPEK,784,1
tr|A0A384JDB8|A0A384JDB8_BOTFB,SPAK,758,1
tr|A0A384JKS7|A0A384JKS7_BOTFB,SPEK,322,1
tr|A0A384JJA5|A0A384JJA5_BOTFB,SPKK,108,3
tr|A0A384JJA5|A0A384JJA5_BOTFB,SPPK,667,3
tr|A0A384JJA5|A0A384JJA5_BOTFB,SPVK,955,3
tr|A0A384JRE4|A0A384JRE4_BOTFB,SPAK,542,1
tr|A0A384J7V3|A0A384J7V3_BOTFB,SPPK,737,1
tr|A0A384JZ08|A0A384JZ08_BOTFB,SPKK,500,1
tr|A0A384JH17|A0A384JH17_BOTFB,SPHK,180,1
tr|A0A384K3X7|A0A384K3X7_BOTFB,SPNK,25,1
tr|A0A384JWY0|A0A384JWY0_BOTFB,SPDK,74,1
tr|A0A384K0S2|A0A384K0S2_BOTFB,SPPK,686,1
tr|A0A384JWQ1|A0A384JWQ1_BOTFB,SPLK,524,1
tr|A0A384J771|A0A384J771_BOTFB,SPQK,76,3
tr|A0A384J771|A0A384J771_BOTFB,SPLK,505,3
tr|A0A384J771|A0A384J771_BOTFB,SPAK,562,3
tr|A0A384JWT0|A0A384JWT0_BOTFB,SPSK,34,1
tr|A0A384JRQ1|A0A384JRQ1_BOTFB,SPDK,54,1
tr|A0A384JKX0|A0A384JKX0_BOTFB,SPGK,809,1
tr|A0A384K156|A0A384K156_BOTFB,SPAK,127,3
tr|A0A384K156|A0A384K156_BOTFB,SPKK,784,3
tr|A0A384K156|A0A384K156_BOTFB,SPSK,1145,3
tr|A0A384JUN7|A0A384JUN7_BOTFB,SPTK,120,1
tr|A0A384K682|A0A384K682_BOTFB,SPDK,132,1
tr|A0A384J4I0|A0A384J4I0_BOTFB,SPIK,286,1
tr|A0A384J3U0|A0A384J3U0_BOTFB,SPSK,23,1
tr|A0A384J9P6|A0A384J9P6_BOTFB,SPGK,238,1
tr|A0A384JXM6|A0A384JXM6_BOTFB,SPEK,224,1
tr|A0A384J5V9|A0A384J5V9_BOTFB,SPAK,19,1
tr|A0A384K2W9|A0A384K2W9_BOTFB,SPFK,28,2
tr|A0A384K2W9|A0A384K2W9_BOTFB,SPPK,516,2
tr|A0A384J3Y1|A0A384J3Y1_BOTFB,SPVK,284,1
tr|A0A384K6D5|A0A384K6D5_BOTFB,SPAK,802,1
tr|A0A384K0C0|A0A384K0C0_BOTFB,SPNK,71,2
tr|A0A384K0C0|A0A384K0C0_BOTFB,SPEK,269,2
tr|A0A384JUL6|A0A384JUL6_BOTFB,SPTK,93,1
tr|A0A384JKD5|A0A384JKD5_BOTFB,SPDK,16,1
tr|A0A384JVK4|A0A384JVK4_BOTFB,SPSK,330,1
tr|A0A384JRJ3|A0A384JRJ3_BOTFB,SPAK,202,1
tr|A0A384JAN7|A0A384JAN7_BOTFB,SPTK,443,1
tr|A0A384JLX9|A0A384JLX9_BOTFB,SPLK,421,1
tr|A0A384JU85|A0A384JU85_BOTFB,SPPK,344,1
tr|A0A384JJW8|A0A384JJW8_BOTFB,SPYK,833,1
tr|A0A384JC41|A0A384JC41_BOTFB,SPTK,69,1
tr|A0A384JZD0|A0A384JZD0_BOTFB,SPVK,910,1
tr|A0A384J8Q5|A0A384J8Q5_BOTFB,SPEK,71,1
tr|A0A384K763|A0A384K763_BOTFB,SPFK,65,1
tr|A0A384JFK1|A0A384JFK1_BOTFB,SPDK,189,1
tr|A0A384JYR7|A0A384JYR7_BOTFB,SPKK,255,1
tr|A0A384JWW9|A0A384JWW9_BOTFB,SPRK,124,1
tr|A0A384K505|A0A384K505_BOTFB,SPGK,596,1
tr|A0A384JSU6|A0A384JSU6_BOTFB,SPRK,172,2
tr|A0A384JSU6|A0A384JSU6_BOTFB,SPFK,759,2
tr|A0A384J9D7|A0A384J9D7_BOTFB,SPVK,9,2
tr|A0A384J9D7|A0A384J9D7_BOTFB,SPTK,44,2
tr|A0A384JQ76|A0A384JQ76_BOTFB,SPAK,624,1
tr|A0A384J8X9|A0A384J8X9_BOTFB,SPQK,336,1
tr|A0A384JS59|A0A384JS59_BOTFB,SPAK,30,1
tr|A0A384JIC7|A0A384JIC7_BOTFB,SPSK,97,1
tr|A0A384JH55|A0A384JH55_BOTFB,SPQK,46,1
tr|A0A384JC74|A0A384JC74_BOTFB,SPSK,229,1
tr|A0A384J9V1|A0A384J9V1_BOTFB,SPTK,123,1
tr|A0A384JDR8|A0A384JDR8_BOTFB,SPKK,78,1
tr|A0A384JLQ3|A0A384JLQ3_BOTFB,SPDK,839,2
tr|A0A384JLQ3|A0A384JLQ3_BOTFB,SPAK,905,2
tr|A0A384JU67|A0A384JU67_BOTFB,SPEK,58,1
tr|A0A384JW12|A0A384JW12_BOTFB,SPAK,3,1
tr|A0A384JTT2|A0A384JTT2_BOTFB,SPSK,67,1
tr|A0A384JJX7|A0A384JJX7_BOTFB,SPAK,37,2
tr|A0A384JJX7|A0A384JJX7_BOTFB,SPLK,60,2
tr|A0A384J5S5|A0A384J5S5_BOTFB,SPTK,378,3
tr|A0A384J5S5|A0A384J5S5_BOTFB,SPAK,845,3
tr|A0A384J5S5|A0A384J5S5_BOTFB,SPVK,902,3
tr|A0A384J7U9|A0A384J7U9_BOTFB,SPYK,112,1
tr|A0A384JB87|A0A384JB87_BOTFB,SPLK,123,1
tr|A0A384K1D2|A0A384K1D2_BOTFB,SPQK,142,2
tr|A0A384K1D2|A0A384K1D2_BOTFB,SPKK,650,2
tr|A0A384JMD0|A0A384JMD0_BOTFB,SPPK,376,4
tr|A0A384JMD0|A0A384JMD0_BOTFB,SPVK,739,4
tr|A0A384JMD0|A0A384JMD0_BOTFB,SPTK,791,4
tr|A0A384JMD0|A0A384JMD0_BOTFB,SPPK,897,4
tr|A0A384JU71|A0A384JU71_BOTFB,SPSK,1001,1
tr|A0A384JWG6|A0A384JWG6_BOTFB,SPSK,596,1
tr|A0A384JT83|A0A384JT83_BOTFB,SPDK,510,1
tr|A0A384JGE5|A0A384JGE5_BOTFB,SPSK,164,1
tr|A0A384JER1|A0A384JER1_BOTFB,SPSK,532,1
tr|A0A384JH34|A0A384JH34_BOTFB,SPSK,164,1
tr|A0A384JR46|A0A384JR46_BOTFB,SPDK,183,1
tr|A0A384JLV5|A0A384JLV5_BOTFB,SPQK,159,2
tr|A0A384JLV5|A0A384JLV5_BOTFB,SPAK,518,2
tr|A0A384J7L8|A0A384J7L8_BOTFB,SPVK,25,1
tr|A0A384K5C5|A0A384K5C5_BOTFB,SPTK,356,2
tr|A0A384K5C5|A0A384K5C5_BOTFB,SPQK,625,2
tr|A0A384K5Z7|A0A384K5Z7_BOTFB,SPVK,181,1
tr|A0A384JGB5|A0A384JGB5_BOTFB,SPPK,100,3
tr|A0A384JGB5|A0A384JGB5_BOTFB,SPSK,315,3
tr|A0A384JGB5|A0A384JGB5_BOTFB,SPTK,365,3
tr|A0A384JCI4|A0A384JCI4_BOTFB,SPLK,25,1
tr|A0A384JWA1|A0A384JWA1_BOTFB,SPLK,120,1
tr|A0A384JWS3|A0A384JWS3_BOTFB,SPLK,225,1
tr|A0A384J7N9|A0A384J7N9_BOTFB,SPMK,271,1
tr|A0A384K0H9|A0A384K0H9_BOTFB,SPEK,390,1
tr|A0A384JGW1|A0A384JGW1_BOTFB,SPRK,15,1
tr|A0A384K6P5|A0A384K6P5_BOTFB,SPAK,267,1
tr|A0A384JJS3|A0A384JJS3_BOTFB,SPRK,317,1
tr|A0A384JB19|A0A384JB19_BOTFB,SPLK,42,1
tr|A0A384JED9|A0A384JED9_BOTFB,SPVK,536,1
tr|A0A384K100|A0A384K100_BOTFB,SPRK,414,2
tr|A0A384K100|A0A384K100_BOTFB,SPMK,839,2
tr|A0A384JMV8|A0A384JMV8_BOTFB,SPTK,15,1
tr|A0A384K6U7|A0A384K6U7_BOTFB,SPQK,128,1
tr|A0A384JNT2|A0A384JNT2_BOTFB,SPTK,69,1
tr|A0A384JN57|A0A384JN57_BOTFB,SPQK,596,1
tr|A0A384K151|A0A384K151_BOTFB,SPFK,80,1
tr|A0A384K3Q0|A0A384K3Q0_BOTFB,SPRK,190,1
tr|A0A384JNI6|A0A384JNI6_BOTFB,SPPK,10,1
tr|A0A384K6C4|A0A384K6C4_BOTFB,SPAK,821,1
tr|A0A384J7E6|A0A384J7E6_BOTFB,SPGK,485,1
tr|A0A384J927|A0A384J927_BOTFB,SPNK,12,1
tr|A0A384JCU4|A0A384JCU4_BOTFB,SPGK,3,1
tr|A0A384JGV6|A0A384JGV6_BOTFB,SPPK,100,3
tr|A0A384JGV6|A0A384JGV6_BOTFB,SPSK,315,3
tr|A0A384JGV6|A0A384JGV6_BOTFB,SPTK,365,3
tr|A0A384J4J3|A0A384J4J3_BOTFB,SPPK,295,1
tr|A0A384JMQ3|A0A384JMQ3_BOTFB,SPDK,697,1
tr|A0A384JRP2|A0A384JRP2_BOTFB,SPRK,312,1
tr|A0A384J4A4|A0A384J4A4_BOTFB,SPRK,8,1
tr|A0A384K5T9|A0A384K5T9_BOTFB,SPNK,443,1
tr|A0A384J6X2|A0A384J6X2_BOTFB,SPLK,30,2
tr|A0A384J6X2|A0A384J6X2_BOTFB,SPRK,361,2
tr|A0A384JL53|A0A384JL53_BOTFB,SPSK,203,1
tr|A0A384JDV1|A0A384JDV1_BOTFB,SPEK,501,1
tr|A0A384K5U6|A0A384K5U6_BOTFB,SPGK,54,1
tr|A0A384JMT4|A0A384JMT4_BOTFB,SPVK,84,1
tr|A0A384JLA1|A0A384JLA1_BOTFB,SPVK,486,1
tr|A0A384JQB6|A0A384JQB6_BOTFB,SPIK,78,1
tr|A0A384JNQ9|A0A384JNQ9_BOTFB,SPSK,7,1
tr|A0A384K4E8|A0A384K4E8_BOTFB,SPPK,369,1
tr|A0A384J795|A0A384J795_BOTFB,SPEK,704,1
tr|A0A384J8B1|A0A384J8B1_BOTFB,SPLK,209,1
tr|A0A384JAR6|A0A384JAR6_BOTFB,SPAK,573,1
tr|A0A384K4R8|A0A384K4R8_BOTFB,SPKK,399,1
tr|A0A384J7U6|A0A384J7U6_BOTFB,SPPK,737,1
tr|A0A384JR67|A0A384JR67_BOTFB,SPAK,58,1
tr|A0A384J7N3|A0A384J7N3_BOTFB,SPSK,184,1
tr|A0A384JS36|A0A384JS36_BOTFB,SPSK,295,1
tr|A0A384JWX1|A0A384JWX1_BOTFB,SPHK,104,2
tr|A0A384JWX1|A0A384JWX1_BOTFB,SPLK,444,2
tr|A0A384K810|A0A384K810_BOTFB,SPRK,127,1
tr|A0A384JZA0|A0A384JZA0_BOTFB,SPHK,314,1
tr|A0A384J965|A0A384J965_BOTFB,SPHK,79,2
tr|A0A384J965|A0A384J965_BOTFB,SPSK,103,2
tr|A0A384JY80|A0A384JY80_BOTFB,SPPK,556,2
tr|A0A384JY80|A0A384JY80_BOTFB,SPFK,736,2
tr|A0A384K2K4|A0A384K2K4_BOTFB,SPVK,430,1
tr|A0A384JG64|A0A384JG64_BOTFB,SPDK,57,1
tr|A0A384JY06|A0A384JY06_BOTFB,SPWK,2579,1
tr|A0A384K639|A0A384K639_BOTFB,SPKK,37,1
tr|A0A384J5L4|A0A384J5L4_BOTFB,SPLK,257,1
tr|A0A384JR02|A0A384JR02_BOTFB,SPLK,86,1
tr|A0A384K437|A0A384K437_BOTFB,SPDK,102,1
tr|A0A384K4G5|A0A384K4G5_BOTFB,SPAK,108,3
tr|A0A384K4G5|A0A384K4G5_BOTFB,SPVK,136,3
tr|A0A384K4G5|A0A384K4G5_BOTFB,SPVK,146,3
tr|A0A384JMU4|A0A384JMU4_BOTFB,SPEK,121,1
tr|A0A384K3W2|A0A384K3W2_BOTFB,SPRK,56,1
tr|A0A384J3Z7|A0A384J3Z7_BOTFB,SPTK,499,1
tr|A0A384JG87|A0A384JG87_BOTFB,SPLK,4,1
tr|A0A384K452|A0A384K452_BOTFB,SPEK,300,1
tr|A0A384JEU8|A0A384JEU8_BOTFB,SPGK,896,2
tr|A0A384JEU8|A0A384JEU8_BOTFB,SPTK,902,2
tr|A0A384JRJ9|A0A384JRJ9_BOTFB,SPTK,329,1
tr|A0A384JHQ7|A0A384JHQ7_BOTFB,SPQK,522,1
tr|A0A384JLM6|A0A384JLM6_BOTFB,SPTK,400,1
tr|A0A384JF94|A0A384JF94_BOTFB,SPPK,351,1
tr|A0A384K216|A0A384K216_BOTFB,SPKK,367,1
tr|A0A384J628|A0A384J628_BOTFB,SPQK,2,2
tr|A0A384J628|A0A384J628_BOTFB,SPLK,670,2
tr|A0A384JF75|A0A384JF75_BOTFB,SPPK,162,1
tr|A0A384J873|A0A384J873_BOTFB,SPSK,18,1
tr|A0A384JHY9|A0A384JHY9_BOTFB,SPPK,7,2
tr|A0A384JHY9|A0A384JHY9_BOTFB,SPLK,74,2
tr|A0A384J5X5|A0A384J5X5_BOTFB,SPSK,73,2
tr|A0A384J5X5|A0A384J5X5_BOTFB,SPSK,422,2
tr|A0A384K760|A0A384K760_BOTFB,SPKK,40,1
tr|A0A384K204|A0A384K204_BOTFB,SPRK,521,1
tr|A0A384JEA9|A0A384JEA9_BOTFB,SPEK,342,1
tr|A0A384JS10|A0A384JS10_BOTFB,SPEK,553,1
tr|A0A384JCK0|A0A384JCK0_BOTFB,SPTK,285,1
tr|A0A384JIX7|A0A384JIX7_BOTFB,SPTK,120,1
tr|A0A384K6E8|A0A384K6E8_BOTFB,SPAK,830,1
tr|A0A384JL68|A0A384JL68_BOTFB,SPVK,112,1
tr|A0A384JTE3|A0A384JTE3_BOTFB,SPKK,226,1
tr|A0A384K238|A0A384K238_BOTFB,SPSK,686,1
tr|A0A384K026|A0A384K026_BOTFB,SPPK,14,1
tr|A0A384JXJ9|A0A384JXJ9_BOTFB,SPVK,254,1
tr|A0A384JAJ5|A0A384JAJ5_BOTFB,SPLK,416,1
tr|A0A384JV28|A0A384JV28_BOTFB,SPSK,633,1
tr|A0A384JJT9|A0A384JJT9_BOTFB,SPIK,487,2
tr|A0A384JJT9|A0A384JJT9_BOTFB,SPKK,491,2
tr|A0A384JGA1|A0A384JGA1_BOTFB,SPKK,348,1
tr|A0A384K3L6|A0A384K3L6_BOTFB,SPFK,28,2
tr|A0A384K3L6|A0A384K3L6_BOTFB,SPPK,516,2
tr|A0A384JM39|A0A384JM39_BOTFB,SPEK,187,1
tr|A0A384JRQ7|A0A384JRQ7_BOTFB,SPEK,387,1
tr|A0A384JE89|A0A384JE89_BOTFB,SPEK,249,1
tr|A0A384J919|A0A384J919_BOTFB,SPSK,381,1
tr|A0A384K7E6|A0A384K7E6_BOTFB,SPRK,537,1
tr|A0A384JES9|A0A384JES9_BOTFB,SPAK,38,2
tr|A0A384JES9|A0A384JES9_BOTFB,SPQK,403,2
tr|A0A384JZ83|A0A384JZ83_BOTFB,SPEK,17,1
tr|A0A384JRP5|A0A384JRP5_BOTFB,SPKK,1029,4
tr|A0A384JRP5|A0A384JRP5_BOTFB,SPQK,1055,4
tr|A0A384JRP5|A0A384JRP5_BOTFB,SPTK,1092,4
tr|A0A384JRP5|A0A384JRP5_BOTFB,SPEK,1099,4
tr|A0A384JVB8|A0A384JVB8_BOTFB,SPSK,321,5
tr|A0A384JVB8|A0A384JVB8_BOTFB,SPSK,392,5
tr|A0A384JVB8|A0A384JVB8_BOTFB,SPVK,445,5
tr|A0A384JVB8|A0A384JVB8_BOTFB,SPKK,616,5
tr|A0A384JVB8|A0A384JVB8_BOTFB,SPAK,648,5
tr|A0A384JV18|A0A384JV18_BOTFB,SPGK,469,1
tr|A0A384J4N9|A0A384J4N9_BOTFB,SPTK,75,1
sp|G0LET7|BOA9_BOTFB,SPFK,1836,1
tr|A0A384J840|A0A384J840_BOTFB,SPTK,715,1
tr|A0A384J3U3|A0A384J3U3_BOTFB,SPFK,1876,1
tr|A0A384JKS1|A0A384JKS1_BOTFB,SPHK,256,1
tr|A0A384K5H5|A0A384K5H5_BOTFB,SPLK,141,1
tr|A0A384K485|A0A384K485_BOTFB,SPTK,302,2
tr|A0A384K485|A0A384K485_BOTFB,SPTK,382,2
tr|A0A384K258|A0A384K258_BOTFB,SPTK,444,1
tr|A0A384J5F3|A0A384J5F3_BOTFB,SPVK,272,3
tr|A0A384J5F3|A0A384J5F3_BOTFB,SPQK,367,3
tr|A0A384J5F3|A0A384J5F3_BOTFB,SPRK,371,3
tr|A0A384JXH7|A0A384JXH7_BOTFB,SPKK,4,1
tr|A0A384K7Z7|A0A384K7Z7_BOTFB,SPTK,444,1
tr|A0A384JD64|A0A384JD64_BOTFB,SPKK,263,1
tr|A0A384JKG8|A0A384JKG8_BOTFB,SPSK,83,1
tr|A0A384K6Q3|A0A384K6Q3_BOTFB,SPGK,305,1
tr|A0A384K6L7|A0A384K6L7_BOTFB,SPSK,448,1
tr|A0A384JN54|A0A384JN54_BOTFB,SPWK,186,1
tr|A0A384J579|A0A384J579_BOTFB,SPGK,375,1
tr|A0A384JYE5|A0A384JYE5_BOTFB,SPRK,61,1
tr|A0A384JZH6|A0A384JZH6_BOTFB,SPAK,492,2
tr|A0A384JZH6|A0A384JZH6_BOTFB,SPAK,1087,2
tr|A0A384JLC2|A0A384JLC2_BOTFB,SPTK,5,2
tr|A0A384JLC2|A0A384JLC2_BOTFB,SPTK,413,2
tr|A0A384JG74|A0A384JG74_BOTFB,SPNK,418,1
tr|A0A384J8N1|A0A384J8N1_BOTFB,SPPK,178,1
tr|A0A384K600|A0A384K600_BOTFB,SPLK,706,1
tr|A0A384J5C3|A0A384J5C3_BOTFB,SPNK,265,1
tr|A0A384JMZ7|A0A384JMZ7_BOTFB,SPDK,151,1
tr|A0A384JBI8|A0A384JBI8_BOTFB,SPTK,69,1
tr|A0A384JNJ0|A0A384JNJ0_BOTFB,SPQK,96,1
tr|A0A384J5D8|A0A384J5D8_BOTFB,SPEK,18,2
tr|A0A384J5D8|A0A384J5D8_BOTFB,SPIK,491,2
tr|A0A384JA56|A0A384JA56_BOTFB,SPGK,501,2
tr|A0A384JA56|A0A384JA56_BOTFB,SPAK,1127,2
tr|A0A384JX21|A0A384JX21_BOTFB,SPTK,498,1
tr|A0A384JQ30|A0A384JQ30_BOTFB,SPSK,436,2
tr|A0A384JQ30|A0A384JQ30_BOTFB,SPSK,448,2
tr|A0A384JY59|A0A384JY59_BOTFB,SPKK,141,1
tr|A0A384JBP6|A0A384JBP6_BOTFB,SPFK,13,1
tr|A0A384JQU5|A0A384JQU5_BOTFB,SPEK,324,1
tr|A0A384K5A8|A0A384K5A8_BOTFB,SPIK,167,1
tr|A0A384JUI9|A0A384JUI9_BOTFB,SPTK,447,3
tr|A0A384JUI9|A0A384JUI9_BOTFB,SPKK,848,3
tr|A0A384JUI9|A0A384JUI9_BOTFB,SPPK,940,3
tr|A0A384J887|A0A384J887_BOTFB,SPMK,271,1
tr|A0A384J4I4|A0A384J4I4_BOTFB,SPSK,904,1
tr|A0A384J6A8|A0A384J6A8_BOTFB,SPNK,788,1
tr|A0A384K025|A0A384K025_BOTFB,SPSK,463,1
tr|A0A384JI29|A0A384JI29_BOTFB,SPDK,138,1
tr|A0A384J929|A0A384J929_BOTFB,SPSK,392,1
tr|A0A384JN98|A0A384JN98_BOTFB,SPAK,264,1
tr|A0A384J4W6|A0A384J4W6_BOTFB,SPVK,127,1
tr|A0A384J8U2|A0A384J8U2_BOTFB,SPDK,660,1
tr|A0A384JPH9|A0A384JPH9_BOTFB,SPAK,7,1
tr|A0A384J5X3|A0A384J5X3_BOTFB,SPTK,196,1
tr|A0A384K3K5|A0A384K3K5_BOTFB,SPIK,120,1
tr|A0A384K111|A0A384K111_BOTFB,SPQK,85,1
tr|A0A384JPX3|A0A384JPX3_BOTFB,SPRK,734,2
tr|A0A384JPX3|A0A384JPX3_BOTFB,SPVK,1344,2
tr|A0A384JCN7|A0A384JCN7_BOTFB,SPEK,62,1
tr|A0A384K280|A0A384K280_BOTFB,SPAK,666,1
tr|A0A384K6M5|A0A384K6M5_BOTFB,SPVK,23,7
tr|A0A384K6M5|A0A384K6M5_BOTFB,SPTK,217,7
tr|A0A384K6M5|A0A384K6M5_BOTFB,SPLK,839,7
tr|A0A384K6M5|A0A384K6M5_BOTFB,SPTK,1070,7
tr|A0A384K6M5|A0A384K6M5_BOTFB,SPRK,1098,7
tr|A0A384K6M5|A0A384K6M5_BOTFB,SPIK,1223,7
tr|A0A384K6M5|A0A384K6M5_BOTFB,SPKK,1242,7
tr|A0A384JJZ8|A0A384JJZ8_BOTFB,SPKK,4,1
tr|A0A384J585|A0A384J585_BOTFB,SPTK,56,1
tr|A0A384JIU5|A0A384JIU5_BOTFB,SPEK,161,1
tr|A0A384JC80|A0A384JC80_BOTFB,SPTK,289,1
tr|A0A384K0S4|A0A384K0S4_BOTFB,SPLK,149,1
tr|A0A384J833|A0A384J833_BOTFB,SPPK,39,1
tr|A0A384JJA9|A0A384JJA9_BOTFB,SPQK,280,1
tr|A0A384K3G0|A0A384K3G0_BOTFB,SPDK,236,1
tr|A0A384JST0|A0A384JST0_BOTFB,SPKK,647,1
tr|A0A384K0R7|A0A384K0R7_BOTFB,SPSK,179,1
tr|A0A384JFJ6|A0A384JFJ6_BOTFB,SPSK,2037,2
tr|A0A384JFJ6|A0A384JFJ6_BOTFB,SPAK,2157,2
tr|A0A384JBU0|A0A384JBU0_BOTFB,SPRK,35,1
tr|A0A384JJ35|A0A384JJ35_BOTFB,SPSK,667,1
tr|A0A384K3E2|A0A384K3E2_BOTFB,SPAK,363,1
tr|A0A384JZN0|A0A384JZN0_BOTFB,SPTK,1016,1
tr|A0A384JA41|A0A384JA41_BOTFB,SPDK,156,1
tr|A0A384K260|A0A384K260_BOTFB,SPSK,230,1
tr|A0A384JIU9|A0A384JIU9_BOTFB,SPTK,310,1
tr|A0A384J9B9|A0A384J9B9_BOTFB,SPEK,1081,1
tr|A0A384J9M0|A0A384J9M0_BOTFB,SPDK,114,1
tr|A0A384JS01|A0A384JS01_BOTFB,SPLK,357,1
tr|A0A384JE72|A0A384JE72_BOTFB,SPPK,253,1
tr|A0A384JGU0|A0A384JGU0_BOTFB,SPLK,839,1
tr|A0A384JDY7|A0A384JDY7_BOTFB,SPTK,152,2
tr|A0A384JDY7|A0A384JDY7_BOTFB,SPSK,493,2
tr|A0A384JML6|A0A384JML6_BOTFB,SPIK,320,1
tr|A0A384K331|A0A384K331_BOTFB,SPVK,430,1
tr|A0A384JP66|A0A384JP66_BOTFB,SPAK,14,1
tr|A0A384J5W8|A0A384J5W8_BOTFB,SPPK,143,2
tr|A0A384J5W8|A0A384J5W8_BOTFB,SPDK,540,2
tr|A0A384K5B7|A0A384K5B7_BOTFB,SPGK,54,1
tr|A0A384J6F3|A0A384J6F3_BOTFB,SPNK,1422,1
tr|A0A384JJ54|A0A384JJ54_BOTFB,SPKK,134,2
tr|A0A384JJ54|A0A384JJ54_BOTFB,SPTK,914,2
tr|A0A384J4L2|A0A384J4L2_BOTFB,SPWK,157,1
tr|A0A384K3F0|A0A384K3F0_BOTFB,SPYK,121,2
tr|A0A384K3F0|A0A384K3F0_BOTFB,SPIK,248,2
tr|A0A384K5G4|A0A384K5G4_BOTFB,SPGK,441,1
tr|A0A384K7A1|A0A384K7A1_BOTFB,SPRK,87,1
tr|A0A384JZM7|A0A384JZM7_BOTFB,SPIK,35,1
tr|A0A384JLT5|A0A384JLT5_BOTFB,SPYK,5,1
tr|A0A384JHM8|A0A384JHM8_BOTFB,SPKK,647,2
tr|A0A384JHM8|A0A384JHM8_BOTFB,SPTK,735,2
tr|A0A384J7P7|A0A384J7P7_BOTFB,SPPK,4,8
tr|A0A384J7P7|A0A384J7P7_BOTFB,SPVK,243,8
tr|A0A384J7P7|A0A384J7P7_BOTFB,SPFK,331,8
tr|A0A384J7P7|A0A384J7P7_BOTFB,SPFK,352,8
tr|A0A384J7P7|A0A384J7P7_BOTFB,SPTK,384,8
tr|A0A384J7P7|A0A384J7P7_BOTFB,SPEK,636,8
tr|A0A384J7P7|A0A384J7P7_BOTFB,SPAK,677,8
tr|A0A384J7P7|A0A384J7P7_BOTFB,SPFK,892,8
tr|A0A384J6D6|A0A384J6D6_BOTFB,SPEK,1097,5
tr|A0A384J6D6|A0A384J6D6_BOTFB,SPKK,1330,5
tr|A0A384J6D6|A0A384J6D6_BOTFB,SPKK,1379,5
tr|A0A384J6D6|A0A384J6D6_BOTFB,SPQK,1884,5
tr|A0A384J6D6|A0A384J6D6_BOTFB,SPSK,3749,5
tr|A0A384K0R6|A0A384K0R6_BOTFB,SPTK,35,1
tr|A0A384JDT4|A0A384JDT4_BOTFB,SPPK,107,1
tr|A0A384K2Y1|A0A384K2Y1_BOTFB,SPGK,943,1
tr|A0A384K140|A0A384K140_BOTFB,SPKK,135,7
tr|A0A384K140|A0A384K140_BOTFB,SPVK,262,7
tr|A0A384K140|A0A384K140_BOTFB,SPAK,448,7
tr|A0A384K140|A0A384K140_BOTFB,SPVK,452,7
tr|A0A384K140|A0A384K140_BOTFB,SPLK,460,7
tr|A0A384K140|A0A384K140_BOTFB,SPLK,657,7
tr|A0A384K140|A0A384K140_BOTFB,SPQK,1096,7
tr|A0A384JLV2|A0A384JLV2_BOTFB,SPNK,580,1
tr|A0A384JLS2|A0A384JLS2_BOTFB,SPIK,181,1
tr|A0A384JKH0|A0A384JKH0_BOTFB,SPPK,92,1
tr|A0A384JQ00|A0A384JQ00_BOTFB,SPPK,431,2
tr|A0A384JQ00|A0A384JQ00_BOTFB,SPAK,989,2
tr|A0A384K4K6|A0A384K4K6_BOTFB,SPRK,431,1
tr|A0A384JY76|A0A384JY76_BOTFB,SPDK,630,1
tr|A0A384K560|A0A384K560_BOTFB,SPNK,316,1
tr|A0A384JNB3|A0A384JNB3_BOTFB,SPVK,96,1
tr|A0A384JHL0|A0A384JHL0_BOTFB,SPDK,546,1
tr|A0A384J7U3|A0A384J7U3_BOTFB,SPRK,241,1
tr|A0A384JZ65|A0A384JZ65_BOTFB,SPPK,556,2
tr|A0A384JZ65|A0A384JZ65_BOTFB,SPFK,736,2
tr|A0A384J5H0|A0A384J5H0_BOTFB,SPPK,8,1
tr|A0A384JL25|A0A384JL25_BOTFB,SPSK,247,1
tr|A0A384J6S4|A0A384J6S4_BOTFB,SPAK,68,1
tr|A0A384JUA2|A0A384JUA2_BOTFB,SPPK,15,2
tr|A0A384JUA2|A0A384JUA2_BOTFB,SPSK,510,2
tr|A0A384K0I0|A0A384K0I0_BOTFB,SPEK,858,2
tr|A0A384K0I0|A0A384K0I0_BOTFB,SPAK,931,2
tr|A0A384JNS0|A0A384JNS0_BOTFB,SPDK,332,1
tr|A0A384K297|A0A384K297_BOTFB,SPEK,387,2
tr|A0A384K297|A0A384K297_BOTFB,SPKK,411,2
tr|A0A384K6K2|A0A384K6K2_BOTFB,SPQK,265,1
tr|A0A384JX53|A0A384JX53_BOTFB,SPVK,620,1
tr|A0A384JCY9|A0A384JCY9_BOTFB,SPSK,153,1
tr|A0A384JHV7|A0A384JHV7_BOTFB,SPTK,3,2
tr|A0A384JHV7|A0A384JHV7_BOTFB,SPHK,856,2
tr|A0A384J947|A0A384J947_BOTFB,SPDK,57,3
tr|A0A384J947|A0A384J947_BOTFB,SPLK,122,3
tr|A0A384J947|A0A384J947_BOTFB,SPAK,142,3
tr|A0A384JC54|A0A384JC54_BOTFB,SPGK,688,1
tr|A0A384JF38|A0A384JF38_BOTFB,SPRK,470,2
tr|A0A384JF38|A0A384JF38_BOTFB,SPPK,533,2
tr|A0A384JEV6|A0A384JEV6_BOTFB,SPEK,7,1
tr|A0A384JB46|A0A384JB46_BOTFB,SPLK,17,1
tr|A0A384JVC4|A0A384JVC4_BOTFB,SPPK,58,2
tr|A0A384JVC4|A0A384JVC4_BOTFB,SPAK,726,2
tr|A0A384K4C2|A0A384K4C2_BOTFB,SPLK,129,1
tr|A0A384J9Q9|A0A384J9Q9_BOTFB,SPGK,491,1
tr|A0A384JZ46|A0A384JZ46_BOTFB,SPHK,372,1
tr|A0A384JWI4|A0A384JWI4_BOTFB,SPKK,109,1
tr|A0A384JUG1|A0A384JUG1_BOTFB,SPEK,319,1
tr|A0A384J7H5|A0A384J7H5_BOTFB,SPQK,9,1
tr|A0A384J8F5|A0A384J8F5_BOTFB,SPEK,104,1
tr|A0A384JTI7|A0A384JTI7_BOTFB,SPEK,631,1
tr|A0A384JAF3|A0A384JAF3_BOTFB,SPDK,141,1
tr|A0A384JPG3|A0A384JPG3_BOTFB,SPRK,517,3
tr|A0A384JPG3|A0A384JPG3_BOTFB,SPTK,759,3
tr|A0A384JPG3|A0A384JPG3_BOTFB,SPIK,1221,3
tr|A0A384JX10|A0A384JX10_BOTFB,SPSK,22,1
tr|A0A384JCU2|A0A384JCU2_BOTFB,SPSK,373,1
tr|A0A384K6N0|A0A384K6N0_BOTFB,SPSK,59,1
tr|A0A384JME1|A0A384JME1_BOTFB,SPFK,739,1
tr|A0A384JNQ3|A0A384JNQ3_BOTFB,SPEK,328,1
tr|A0A384K2N9|A0A384K2N9_BOTFB,SPMK,152,1
tr|A0A384K0T4|A0A384K0T4_BOTFB,SPSK,40,1
tr|A0A384JHY2|A0A384JHY2_BOTFB,SPEK,35,1
tr|A0A384JBM1|A0A384JBM1_BOTFB,SPEK,575,1
tr|A0A384JJE2|A0A384JJE2_BOTFB,SPTK,350,1
tr|A0A384JGC0|A0A384JGC0_BOTFB,SPKK,336,1
tr|A0A384JWU8|A0A384JWU8_BOTFB,SPPK,26,1
tr|A0A384JHB9|A0A384JHB9_BOTFB,SPSK,28,1
tr|A0A384JBN3|A0A384JBN3_BOTFB,SPQK,167,1
tr|A0A384J4C7|A0A384J4C7_BOTFB,SPQK,554,1
tr|A0A384JT71|A0A384JT71_BOTFB,SPGK,380,1
tr|A0A384JBR6|A0A384JBR6_BOTFB,SPPK,34,2
tr|A0A384JBR6|A0A384JBR6_BOTFB,SPTK,43,2
tr|A0A384K4T5|A0A384K4T5_BOTFB,SPLK,216,1
tr|A0A384K352|A0A384K352_BOTFB,SPEK,555,8
tr|A0A384K352|A0A384K352_BOTFB,SPFK,619,8
tr|A0A384K352|A0A384K352_BOTFB,SPQK,797,8
tr|A0A384K352|A0A384K352_BOTFB,SPEK,814,8
tr|A0A384K352|A0A384K352_BOTFB,SPSK,858,8
tr|A0A384K352|A0A384K352_BOTFB,SPDK,968,8
tr|A0A384K352|A0A384K352_BOTFB,SPIK,1012,8
tr|A0A384K352|A0A384K352_BOTFB,SPTK,1043,8
tr|A0A384J6W0|A0A384J6W0_BOTFB,SPLK,108,1
tr|A0A384K430|A0A384K430_BOTFB,SPLK,55,1
tr|A0A384JLK7|A0A384JLK7_BOTFB,SPGK,169,1
tr|A0A384J7Z5|A0A384J7Z5_BOTFB,SPSK,9,1
tr|A0A384JU93|A0A384JU93_BOTFB,SPRK,776,2
tr|A0A384JU93|A0A384JU93_BOTFB,SPPK,969,2
tr|A0A384J5Q8|A0A384J5Q8_BOTFB,SPTK,94,1
tr|A0A384K6U9|A0A384K6U9_BOTFB,SPAK,828,1
tr|A0A384K472|A0A384K472_BOTFB,SPPK,296,1
tr|A0A384K1M0|A0A384K1M0_BOTFB,SPRK,172,5
tr|A0A384K1M0|A0A384K1M0_BOTFB,SPLK,224,5
tr|A0A384K1M0|A0A384K1M0_BOTFB,SPAK,277,5
tr|A0A384K1M0|A0A384K1M0_BOTFB,SPAK,756,5
tr|A0A384K1M0|A0A384K1M0_BOTFB,SPVK,769,5
tr|A0A384JLU3|A0A384JLU3_BOTFB,SPFK,694,1
tr|A0A384K4C7|A0A384K4C7_BOTFB,SPTK,1565,1
tr|A0A384K0N0|A0A384K0N0_BOTFB,SPGK,12,1
tr|A0A384JN88|A0A384JN88_BOTFB,SPLK,13,1
tr|A0A384JUS0|A0A384JUS0_BOTFB,SPAK,223,1
tr|A0A384JNG4|A0A384JNG4_BOTFB,SPRK,29,1
tr|A0A384JGZ1|A0A384JGZ1_BOTFB,SPPK,289,1
tr|A0A384K0P2|A0A384K0P2_BOTFB,SPEK,75,1
tr|A0A384JFD6|A0A384JFD6_BOTFB,SPNK,161,1
tr|A0A384JLU1|A0A384JLU1_BOTFB,SPAK,544,1
tr|A0A384JE66|A0A384JE66_BOTFB,SPTK,202,1
tr|A0A384JTS2|A0A384JTS2_BOTFB,SPFK,223,1
tr|A0A384JKJ7|A0A384JKJ7_BOTFB,SPGK,925,1
tr|A0A384J7R9|A0A384J7R9_BOTFB,SPFK,48,3
tr|A0A384J7R9|A0A384J7R9_BOTFB,SPPK,320,3
tr|A0A384J7R9|A0A384J7R9_BOTFB,SPIK,783,3
tr|A0A384K7Q3|A0A384K7Q3_BOTFB,SPPK,120,1
tr|A0A384JWD9|A0A384JWD9_BOTFB,SPPK,115,2
tr|A0A384JWD9|A0A384JWD9_BOTFB,SPTK,180,2
tr|A0A384K7V0|A0A384K7V0_BOTFB,SPLK,100,1
tr|A0A384K7V8|A0A384K7V8_BOTFB,SPTK,1045,1
tr|A0A384K1X4|A0A384K1X4_BOTFB,SPKK,222,1
tr|A0A384K2M7|A0A384K2M7_BOTFB,SPEK,60,1
tr|A0A384JX54|A0A384JX54_BOTFB,SPLK,259,2
tr|A0A384JX54|A0A384JX54_BOTFB,SPTK,556,2
tr|A0A384JZ95|A0A384JZ95_BOTFB,SPKK,313,1
tr|A0A384K5A2|A0A384K5A2_BOTFB,SPEK,362,1
tr|A0A384J6W2|A0A384J6W2_BOTFB,SPSK,156,1
tr|A0A384JU26|A0A384JU26_BOTFB,SPTK,305,1
tr|A0A384J6F0|A0A384J6F0_BOTFB,SPSK,659,2
tr|A0A384J6F0|A0A384J6F0_BOTFB,SPPK,745,2
tr|A0A384JJN5|A0A384JJN5_BOTFB,SPSK,879,1
tr|A0A384JZF6|A0A384JZF6_BOTFB,SPRK,564,1
tr|A0A384K0U1|A0A384K0U1_BOTFB,SPGK,760,1
tr|A0A384K7V3|A0A384K7V3_BOTFB,SPAK,540,1
tr|A0A384JLM2|A0A384JLM2_BOTFB,SPTK,561,1
tr|A0A384JW18|A0A384JW18_BOTFB,SPKK,38,1
tr|A0A384JE13|A0A384JE13_BOTFB,SPVK,517,1
tr|A0A384JR83|A0A384JR83_BOTFB,SPRK,199,1
tr|A0A384JZI6|A0A384JZI6_BOTFB,SPIK,78,1
tr|A0A384JKR1|A0A384JKR1_BOTFB,SPPK,816,2
tr|A0A384JKR1|A0A384JKR1_BOTFB,SPMK,860,2
tr|A0A384JUZ0|A0A384JUZ0_BOTFB,SPAK,143,1
tr|A0A384JC14|A0A384JC14_BOTFB,SPFK,288,1
tr|A0A384K4K1|A0A384K4K1_BOTFB,SPEK,126,1
tr|A0A384JLQ8|A0A384JLQ8_BOTFB,SPRK,361,2
tr|A0A384JLQ8|A0A384JLQ8_BOTFB,SPRK,847,2
tr|A0A384JM60|A0A384JM60_BOTFB,SPVK,113,1
tr|A0A384K4L4|A0A384K4L4_BOTFB,SPAK,108,3
tr|A0A384K4L4|A0A384K4L4_BOTFB,SPVK,136,3
tr|A0A384K4L4|A0A384K4L4_BOTFB,SPVK,146,3
tr|A0A384JA83|A0A384JA83_BOTFB,SPKK,503,1
tr|A0A384JB38|A0A384JB38_BOTFB,SPKK,79,1
tr|A0A384JMC2|A0A384JMC2_BOTFB,SPPK,115,7
tr|A0A384JMC2|A0A384JMC2_BOTFB,SPEK,322,7
tr|A0A384JMC2|A0A384JMC2_BOTFB,SPSK,335,7
tr|A0A384JMC2|A0A384JMC2_BOTFB,SPSK,341,7
tr|A0A384JMC2|A0A384JMC2_BOTFB,SPNK,628,7
tr|A0A384JMC2|A0A384JMC2_BOTFB,SPLK,663,7
tr|A0A384JMC2|A0A384JMC2_BOTFB,SPVK,744,7
tr|A0A384JHJ3|A0A384JHJ3_BOTFB,SPKK,47,5
tr|A0A384JHJ3|A0A384JHJ3_BOTFB,SPQK,62,5
tr|A0A384JHJ3|A0A384JHJ3_BOTFB,SPFK,760,5
tr|A0A384JHJ3|A0A384JHJ3_BOTFB,SPTK,1309,5
tr|A0A384JHJ3|A0A384JHJ3_BOTFB,SPSK,1329,5
tr|A0A384JVC6|A0A384JVC6_BOTFB,SPEK,6,1
tr|A0A384J9X5|A0A384J9X5_BOTFB,SPTK,665,1
tr|A0A384J600|A0A384J600_BOTFB,SPVK,677,1
tr|A0A384JZL4|A0A384JZL4_BOTFB,SPKK,1191,1
tr|A0A384JAU9|A0A384JAU9_BOTFB,SPVK,112,1
tr|A0A384JG36|A0A384JG36_BOTFB,SPDK,325,1
tr|A0A384JG75|A0A384JG75_BOTFB,SPLK,49,1
tr|A0A384JLM3|A0A384JLM3_BOTFB,SPRK,1218,1
tr|A0A384JXD5|A0A384JXD5_BOTFB,SPAK,97,1
tr|A0A384K0D8|A0A384K0D8_BOTFB,SPPK,176,2
tr|A0A384K0D8|A0A384K0D8_BOTFB,SPKK,400,2
tr|A0A384J7Q2|A0A384J7Q2_BOTFB,SPPK,4,8
tr|A0A384J7Q2|A0A384J7Q2_BOTFB,SPVK,245,8
tr|A0A384J7Q2|A0A384J7Q2_BOTFB,SPFK,333,8
tr|A0A384J7Q2|A0A384J7Q2_BOTFB,SPFK,354,8
tr|A0A384J7Q2|A0A384J7Q2_BOTFB,SPTK,386,8
tr|A0A384J7Q2|A0A384J7Q2_BOTFB,SPEK,638,8
tr|A0A384J7Q2|A0A384J7Q2_BOTFB,SPAK,679,8
tr|A0A384J7Q2|A0A384J7Q2_BOTFB,SPFK,894,8
tr|A0A384JMI8|A0A384JMI8_BOTFB,SPAK,246,1
tr|A0A384JPZ5|A0A384JPZ5_BOTFB,SPSK,171,1
tr|A0A384JGB7|A0A384JGB7_BOTFB,SPIK,78,1
tr|A0A384J7K0|A0A384J7K0_BOTFB,SPVK,35,1
tr|A0A384JQ61|A0A384JQ61_BOTFB,SPSK,656,1
tr|A0A384K507|A0A384K507_BOTFB,SPPK,785,1
tr|A0A384J472|A0A384J472_BOTFB,SPAK,403,2
tr|A0A384J472|A0A384J472_BOTFB,SPSK,1048,2
tr|A0A384K2D3|A0A384K2D3_BOTFB,SPPK,299,2
tr|A0A384K2D3|A0A384K2D3_BOTFB,SPKK,571,2
tr|A0A384K4F1|A0A384K4F1_BOTFB,SPPK,369,1
tr|A0A384JQK7|A0A384JQK7_BOTFB,SPPK,24,1
tr|A0A384JR41|A0A384JR41_BOTFB,SPSK,639,1
tr|A0A384JDS4|A0A384JDS4_BOTFB,SPQK,168,1
tr|A0A384K279|A0A384K279_BOTFB,SPRK,280,1
tr|A0A384JEB3|A0A384JEB3_BOTFB,SPLK,204,1
tr|A0A384K2A7|A0A384K2A7_BOTFB,SPPK,274,1
tr|A0A384JWG2|A0A384JWG2_BOTFB,SPHK,572,1
tr|A0A384J450|A0A384J450_BOTFB,SPCK,68,1
tr|A0A384JSN9|A0A384JSN9_BOTFB,SPTK,16,1
tr|A0A384JNE3|A0A384JNE3_BOTFB,SPPK,510,1
tr|A0A384JCC9|A0A384JCC9_BOTFB,SPTK,180,1
tr|A0A384JKV3|A0A384JKV3_BOTFB,SPSK,1067,1
tr|A0A384JS84|A0A384JS84_BOTFB,SPIK,2,1
tr|A0A384JU38|A0A384JU38_BOTFB,SPSK,187,1
tr|A0A384JGF4|A0A384JGF4_BOTFB,SPLK,219,1
tr|A0A384JIH2|A0A384JIH2_BOTFB,SPFK,386,1
tr|A0A384K0W0|A0A384K0W0_BOTFB,SPIK,540,1
tr|A0A384JN72|A0A384JN72_BOTFB,SPSK,532,1
tr|A0A384K4T3|A0A384K4T3_BOTFB,SPEK,660,1
tr|A0A384K3T0|A0A384K3T0_BOTFB,SPTK,664,1
tr|A0A384JXQ0|A0A384JXQ0_BOTFB,SPIK,806,1
tr|A0A384K6C3|A0A384K6C3_BOTFB,SPAK,105,1
tr|A0A384JEB4|A0A384JEB4_BOTFB,SPVK,118,1
tr|A0A384JIN4|A0A384JIN4_BOTFB,SPVK,458,3
tr|A0A384JIN4|A0A384JIN4_BOTFB,SPRK,648,3
tr|A0A384JIN4|A0A384JIN4_BOTFB,SPIK,836,3
tr|A0A384J724|A0A384J724_BOTFB,SPEK,57,1
tr|A0A384JYI8|A0A384JYI8_BOTFB,SPFK,795,1
tr|A0A384JH13|A0A384JH13_BOTFB,SPSK,1606,1
tr|A0A384JQC7|A0A384JQC7_BOTFB,SPYK,702,1
tr|A0A384JYX3|A0A384JYX3_BOTFB,SPIK,44,1
tr|A0A384JCL0|A0A384JCL0_BOTFB,SPPK,464,2
tr|A0A384JCL0|A0A384JCL0_BOTFB,SPTK,590,2
tr|A0A384JU86|A0A384JU86_BOTFB,SPLK,533,4
tr|A0A384JU86|A0A384JU86_BOTFB,SPLK,574,4
tr|A0A384JU86|A0A384JU86_BOTFB,SPIK,587,4
tr|A0A384JU86|A0A384JU86_BOTFB,SPAK,600,4
tr|A0A384K0D9|A0A384K0D9_BOTFB,SPQK,223,1
tr|A0A384JAU2|A0A384JAU2_BOTFB,SPPK,29,2
tr|A0A384JAU2|A0A384JAU2_BOTFB,SPSK,82,2
tr|A0A384JAW6|A0A384JAW6_BOTFB,SPPK,7,1
tr|A0A384K1Q4|A0A384K1Q4_BOTFB,SPRK,46,1
tr|A0A384J880|A0A384J880_BOTFB,SPEK,373,1
tr|A0A384JFT1|A0A384JFT1_BOTFB,SPDK,41,1
tr|A0A384JVH5|A0A384JVH5_BOTFB,SPPK,629,1
tr|A0A384J8N0|A0A384J8N0_BOTFB,SPVK,297,1
tr|A0A384JTD7|A0A384JTD7_BOTFB,SPSK,222,1
tr|A0A384JIL3|A0A384JIL3_BOTFB,SPIK,672,2
tr|A0A384JIL3|A0A384JIL3_BOTFB,SPMK,687,2
tr|A0A384K688|A0A384K688_BOTFB,SPLK,264,1
tr|A0A384JKU3|A0A384JKU3_BOTFB,SPEK,1179,2
tr|A0A384JKU3|A0A384JKU3_BOTFB,SPRK,1465,2
tr|A0A384JAY6|A0A384JAY6_BOTFB,SPVK,10,1
tr|A0A384JHY1|A0A384JHY1_BOTFB,SPLK,11,1
tr|A0A384J6Q3|A0A384J6Q3_BOTFB,SPLK,50,3
tr|A0A384J6Q3|A0A384J6Q3_BOTFB,SPPK,89,3
tr|A0A384J6Q3|A0A384J6Q3_BOTFB,SPEK,98,3
tr|A0A384JM32|A0A384JM32_BOTFB,SPDK,562,1
tr|A0A384J6L7|A0A384J6L7_BOTFB,SPEK,1097,5
tr|A0A384J6L7|A0A384J6L7_BOTFB,SPKK,1330,5
tr|A0A384J6L7|A0A384J6L7_BOTFB,SPKK,1379,5
tr|A0A384J6L7|A0A384J6L7_BOTFB,SPQK,1884,5
tr|A0A384J6L7|A0A384J6L7_BOTFB,SPSK,3698,5
tr|A0A384JYY4|A0A384JYY4_BOTFB,SPCK,147,1
tr|A0A384J7H7|A0A384J7H7_BOTFB,SPLK,59,1
tr|A0A384JXK0|A0A384JXK0_BOTFB,SPSK,1536,2
tr|A0A384JXK0|A0A384JXK0_BOTFB,SPLK,2090,2
tr|A0A384J945|A0A384J945_BOTFB,SPNK,32,1
tr|A0A384JD10|A0A384JD10_BOTFB,SPRK,20,1
tr|A0A384JA27|A0A384JA27_BOTFB,SPRK,325,4
tr|A0A384JA27|A0A384JA27_BOTFB,SPKK,351,4
tr|A0A384JA27|A0A384JA27_BOTFB,SPLK,384,4
tr|A0A384JA27|A0A384JA27_BOTFB,SPQK,648,4
tr|A0A384J891|A0A384J891_BOTFB,SPAK,30,1
tr|A0A384K207|A0A384K207_BOTFB,SPEK,213,5
tr|A0A384K207|A0A384K207_BOTFB,SPAK,272,5
tr|A0A384K207|A0A384K207_BOTFB,SPEK,394,5
tr|A0A384K207|A0A384K207_BOTFB,SPSK,402,5
tr|A0A384K207|A0A384K207_BOTFB,SPTK,417,5
tr|A0A384JAD5|A0A384JAD5_BOTFB,SPLK,653,1
tr|A0A384JU73|A0A384JU73_BOTFB,SPKK,124,1
tr|A0A384K022|A0A384K022_BOTFB,SPPK,1497,1
tr|A0A384JH98|A0A384JH98_BOTFB,SPSK,282,1
tr|A0A384JUC7|A0A384JUC7_BOTFB,SPEK,81,1
tr|A0A384K7Q5|A0A384K7Q5_BOTFB,SPAK,51,1
tr|A0A384JWX5|A0A384JWX5_BOTFB,SPLK,386,2
tr|A0A384JWX5|A0A384JWX5_BOTFB,SPDK,745,2
tr|A0A384JZU4|A0A384JZU4_BOTFB,SPRK,156,1
tr|A0A384K7T9|A0A384K7T9_BOTFB,SPDK,449,1
tr|A0A384JYG2|A0A384JYG2_BOTFB,SPMK,192,1
tr|A0A384K7Y1|A0A384K7Y1_BOTFB,SPAK,51,1
tr|A0A384K788|A0A384K788_BOTFB,SPTK,1313,1
tr|A0A384K0J3|A0A384K0J3_BOTFB,SPVK,830,1
tr|A0A384J6I9|A0A384J6I9_BOTFB,SPQK,66,3
tr|A0A384J6I9|A0A384J6I9_BOTFB,SPLK,495,3
tr|A0A384J6I9|A0A384J6I9_BOTFB,SPAK,552,3
tr|A0A384JG40|A0A384JG40_BOTFB,SPRK,580,1
tr|A0A384K2M4|A0A384K2M4_BOTFB,SPLK,264,1
tr|A0A384JUI4|A0A384JUI4_BOTFB,SPSK,221,3
tr|A0A384JUI4|A0A384JUI4_BOTFB,SPPK,591,3
tr|A0A384JUI4|A0A384JUI4_BOTFB,SPSK,967,3
tr|A0A384JXX0|A0A384JXX0_BOTFB,SPLK,3,1
tr|A0A384J3Y3|A0A384J3Y3_BOTFB,SPVK,1197,1
tr|A0A384JP76|A0A384JP76_BOTFB,SPFK,44,1
tr|A0A384K7M6|A0A384K7M6_BOTFB,SPQK,1757,1
tr|A0A384JVL5|A0A384JVL5_BOTFB,SPIK,590,2
tr|A0A384JVL5|A0A384JVL5_BOTFB,SPTK,615,2
tr|A0A384J974|A0A384J974_BOTFB,SPVK,934,1
tr|A0A384J9Z7|A0A384J9Z7_BOTFB,SPDK,253,1
tr|A0A384J5Q9|A0A384J5Q9_BOTFB,SPPK,4,1
tr|A0A384J5S1|A0A384J5S1_BOTFB,SPPK,455,1
tr|A0A384JSF6|A0A384JSF6_BOTFB,SPTK,44,1
tr|A0A384JQH8|A0A384JQH8_BOTFB,SPTK,288,1
tr|A0A384JBQ3|A0A384JBQ3_BOTFB,SPPK,7,1
tr|A0A384JCR3|A0A384JCR3_BOTFB,SPGK,27,1
tr|A0A384JFR0|A0A384JFR0_BOTFB,SPDK,102,1
tr|A0A384JSX8|A0A384JSX8_BOTFB,SPIK,298,1
tr|A0A384JFJ8|A0A384JFJ8_BOTFB,SPTK,934,1
tr|A0A384J9D9|A0A384J9D9_BOTFB,SPDK,256,1
tr|A0A384JNT7|A0A384JNT7_BOTFB,SPKK,160,2
tr|A0A384JNT7|A0A384JNT7_BOTFB,SPGK,700,2
tr|A0A384J5G6|A0A384J5G6_BOTFB,SPPK,4,1
tr|A0A384JMN6|A0A384JMN6_BOTFB,SPTK,838,1
tr|A0A384JF63|A0A384JF63_BOTFB,SPNK,95,2
tr|A0A384JF63|A0A384JF63_BOTFB,SPLK,127,2
tr|A0A384K566|A0A384K566_BOTFB,SPIK,20,2
tr|A0A384K566|A0A384K566_BOTFB,SPAK,121,2
tr|A0A384JZ20|A0A384JZ20_BOTFB,SPKK,313,1
tr|A0A384JGZ0|A0A384JGZ0_BOTFB,SPHK,452,1
tr|A0A384JQ96|A0A384JQ96_BOTFB,SPYK,110,1
tr|A0A384J7P2|A0A384J7P2_BOTFB,SPLK,34,1
tr|A0A384JAF4|A0A384JAF4_BOTFB,SPGK,378,1
tr|A0A384JBG6|A0A384JBG6_BOTFB,SPTK,135,1
tr|A0A384JFL8|A0A384JFL8_BOTFB,SPKK,324,1
tr|A0A384JSF1|A0A384JSF1_BOTFB,SPEK,222,1
sp|A6SG85|NAGS_BOTFB,SPAK,105,1
sp|A6RMY5|NOP58_BOTFB,SPDK,157,1
sp|A6S374|NOP9_BOTFB,SPGK,397,1
sp|A6S9V4|IRS4_BOTFB,SPSK,171,1
sp|A6RHW0|SIP5_BOTFB,SPDK,668,1
sp|A6SK19|SLX4_BOTFB,SPVK,435,3
sp|A6SK19|SLX4_BOTFB,SPRK,625,3
sp|A6SK19|SLX4_BOTFB,SPIK,796,3
sp|A6SCT6|DBP3_BOTFB,SPVK,378,1
sp|A6SP81|ACUK_BOTFB,SPNK,443,1
sp|A6S9E2|MDM34_BOTFB,SPKK,437,1
sp|A6RPU4|ATG8_BOTFB,SPEK,71,1
sp|A6SSW1|BOA11_BOTFB,SPGK,69,2
sp|A6SSW1|BOA11_BOTFB,SPVK,123,2
sp|A6S7C7|ATG2_BOTFB,SPAK,1326,1
tr|A0A384K7Z0|A0A384K7Z0_BOTFB,SPTK,398,1
tr|A0A384JAJ6|A0A384JAJ6_BOTFB,SPTK,101,1
tr|A0A384JI82|A0A384JI82_BOTFB,SPNK,858,1
tr|A0A384JPB3|A0A384JPB3_BOTFB,SPVK,762,1
tr|A0A384JMU1|A0A384JMU1_BOTFB,SPVK,709,1
tr|A0A384JLP2|A0A384JLP2_BOTFB,SPEK,443,1
tr|A0A384JDE9|A0A384JDE9_BOTFB,SPRK,374,1
tr|A0A384JDX0|A0A384JDX0_BOTFB,SPRK,14,3
tr|A0A384JDX0|A0A384JDX0_BOTFB,SPAK,118,3
tr|A0A384JDX0|A0A384JDX0_BOTFB,SPSK,181,3
tr|A0A384JG56|A0A384JG56_BOTFB,SPSK,1453,1
tr|A0A384JJJ2|A0A384JJJ2_BOTFB,SPFK,98,1
tr|A0A384JXN3|A0A384JXN3_BOTFB,SPRK,36,3
tr|A0A384JXN3|A0A384JXN3_BOTFB,SPPK,92,3
tr|A0A384JXN3|A0A384JXN3_BOTFB,SPSK,436,3
tr|A0A384JA32|A0A384JA32_BOTFB,SPEK,658,1
tr|A0A384JDG8|A0A384JDG8_BOTFB,SPAK,86,1
tr|A0A384JC30|A0A384JC30_BOTFB,SPAK,471,1
tr|A0A384JWP9|A0A384JWP9_BOTFB,SPLK,266,1
tr|A0A384JN18|A0A384JN18_BOTFB,SPAK,82,3
tr|A0A384JN18|A0A384JN18_BOTFB,SPRK,99,3
tr|A0A384JN18|A0A384JN18_BOTFB,SPEK,464,3
tr|A0A384J578|A0A384J578_BOTFB,SPRK,506,1
tr|A0A384J5W6|A0A384J5W6_BOTFB,SPNK,166,1
tr|A0A384JW50|A0A384JW50_BOTFB,SPLK,475,1
tr|A0A384JZI4|A0A384JZI4_BOTFB,SPSK,88,1
tr|A0A384JR70|A0A384JR70_BOTFB,SPSK,371,1
tr|A0A384JUJ1|A0A384JUJ1_BOTFB,SPFK,6,3
tr|A0A384JUJ1|A0A384JUJ1_BOTFB,SPSK,306,3
tr|A0A384JUJ1|A0A384JUJ1_BOTFB,SPLK,431,3
tr|A0A384K1B2|A0A384K1B2_BOTFB,SPFK,194,1
tr|A0A384J695|A0A384J695_BOTFB,SPSK,694,1
tr|A0A384J4Y0|A0A384J4Y0_BOTFB,SPIK,1000,1
tr|A0A384J624|A0A384J624_BOTFB,SPEK,1097,5
tr|A0A384J624|A0A384J624_BOTFB,SPKK,1330,5
tr|A0A384J624|A0A384J624_BOTFB,SPKK,1379,5
tr|A0A384J624|A0A384J624_BOTFB,SPQK,1884,5
tr|A0A384J624|A0A384J624_BOTFB,SPSK,3698,5
tr|A0A384J5A1|A0A384J5A1_BOTFB,SPVK,1184,1
tr|A0A384J4P3|A0A384J4P3_BOTFB,SPTK,46,1
tr|A0A384JM11|A0A384JM11_BOTFB,SPNK,244,2
tr|A0A384JM11|A0A384JM11_BOTFB,SPEK,281,2
tr|A0A384J572|A0A384J572_BOTFB,SPGK,532,1
tr|A0A384JGX7|A0A384JGX7_BOTFB,SPDK,732,2
tr|A0A384JGX7|A0A384JGX7_BOTFB,SPNK,916,2
tr|A0A384J8V6|A0A384J8V6_BOTFB,SPNK,9,4
tr|A0A384J8V6|A0A384J8V6_BOTFB,SPEK,133,4
tr|A0A384J8V6|A0A384J8V6_BOTFB,SPQK,583,4
tr|A0A384J8V6|A0A384J8V6_BOTFB,SPVK,636,4
tr|A0A384JSD0|A0A384JSD0_BOTFB,SPIK,298,1
tr|A0A384J4I7|A0A384J4I7_BOTFB,SPTK,430,2
tr|A0A384J4I7|A0A384J4I7_BOTFB,SPVK,444,2
tr|A0A384JS86|A0A384JS86_BOTFB,SPKK,21,1
tr|A0A384K7E7|A0A384K7E7_BOTFB,SPTK,1312,1
tr|A0A384J9N8|A0A384J9N8_BOTFB,SPTK,2,1
tr|A0A384JXZ3|A0A384JXZ3_BOTFB,SPPK,210,1
tr|A0A384JZX0|A0A384JZX0_BOTFB,SPEK,337,1
tr|A0A384K7P3|A0A384K7P3_BOTFB,SPPK,899,1
tr|A0A384JIY5|A0A384JIY5_BOTFB,SPEK,16,1
tr|A0A384K5F3|A0A384K5F3_BOTFB,SPRK,18,1
tr|A0A384K7D6|A0A384K7D6_BOTFB,SPPK,129,1
